{
  "hybrid_choice": "oasis_projected",
  "boundaries": {
    "stale": [
      0.0,
      0.5216250634381033,
      0.5713572733713465,
      0.6118916257364482,
      0.65904635510691,
      0.7187847282313116,
      0.7748821203634029,
      0.8248988632213465,
      0.8723884541501874,
      0.9220766037982971,
      1.0
    ],
    "isomer": [
      0.0,
      0.3290947743916876,
      0.5833893891237718,
      0.6582560124502744,
      0.710440472662093,
      0.7590028188681298,
      0.8035690567241177,
      0.845326985809836,
      0.8866376905597372,
      0.9332497799195306,
      1.0
    ],
    "oasis": [
      0.0,
      0.1256750524044037,
      0.17391720414161682,
      0.19851303100585938,
      0.21675370633602142,
      0.262432724237442,
      0.3152822256088257,
      0.38262414932250977,
      0.49107134342193604,
      0.6661744117736816,
      1.0
    ],
    "oasis_projected": [
      0.0,
      0.1008673317748633,
      0.16162671772250892,
      0.19083575481711407,
      0.21001362812982124,
      0.24293331293236686,
      0.28968986756572584,
      0.34843485030185567,
      0.46849248406211674,
      0.6853262534207415,
      1.0
    ],
    "oasis_soft_projection": [
      0.0,
      0.1092323929138431,
      0.1646725006798655,
      0.19230436126213005,
      0.21104028358822055,
      0.24534782015029405,
      0.2923023451404462,
      0.35247179127653994,
      0.4718697551111635,
      0.6864698486746832,
      1.0
    ],
    "fresh": [
      0.0,
      0.046210899732818986,
      0.0826772837103902,
      0.11991863987523714,
      0.16045025017141415,
      0.20701170911982378,
      0.2637715701412526,
      0.34011616382250004,
      0.4823940252703431,
      0.6605299948437998,
      1.0
    ],
    "hybrid": [
      0.0,
      0.1008673317748633,
      0.16162671772250892,
      0.19083575481711407,
      0.21001362812982124,
      0.24293331293236686,
      0.28968986756572584,
      0.34843485030185567,
      0.46849248406211674,
      0.6853262534207415,
      1.0
    ],
    "aggressive_hybrid": [
      0.0,
      0.1008673317748633,
      0.16162671772250892,
      0.19083575481711407,
      0.21001362812982124,
      0.24293331293236686,
      0.28968986756572584,
      0.34843485030185567,
      0.46849248406211674,
      0.6853262534207415,
      1.0
    ],
    "calibrated_hybrid": [
      0.0,
      0.1008673317748633,
      0.16162671772250892,
      0.19083575481711407,
      0.21001362812982124,
      0.24293331293236686,
      0.28968986756572584,
      0.34843485030185567,
      0.46849248406211674,
      0.6853262534207415,
      1.0
    ]
  }
}