{
  "hybrid_choice": "oasis_projected",
  "boundaries": {
    "stale": [
      0.0,
      0.046372797838636334,
      0.0825864972123704,
      0.12000148733663805,
      0.16065619179725635,
      0.20752143952556237,
      0.26435777303824687,
      0.34273652252682973,
      0.48909023381727723,
      0.6634162605305327,
      1.0
    ],
    "isomer": [
      0.0,
      0.4692538363699398,
      0.5465042745112463,
      0.6118506091695902,
      0.6552149031894753,
      0.7147428968712705,
      0.7702820762903041,
      0.8252397108729426,
      0.8734519039547348,
      0.9217271937565705,
      1.0
    ],
    "oasis": [
      0.0,
      0.1684793084859848,
      0.4326603412628174,
      0.5569802522659302,
      0.6169506907463074,
      0.6460414528846741,
      0.6737520098686218,
      0.6928131580352783,
      0.7569809556007385,
      0.8637969493865967,
      1.0
    ],
    "oasis_projected": [
      0.0,
      0.4962107121299319,
      0.5726055294906883,
      0.6183459280588511,
      0.6610039569177756,
      0.6872268331327592,
      0.7394177995777024,
      0.8238902645011222,
      0.8665927044708971,
      0.9201966174363636,
      1.0
    ],
    "oasis_soft_projection": [
      0.0,
      0.48585566551001225,
      0.5738894116910471,
      0.6233579539501826,
      0.6605639483526823,
      0.6856460500408654,
      0.7320786379323708,
      0.8183922747401114,
      0.8630620670844944,
      0.9173467993994793,
      1.0
    ],
    "fresh": [
      0.0,
      0.522125248656935,
      0.571769986693826,
      0.6125182871967373,
      0.6593600169744271,
      0.7185080051880075,
      0.7745005546259206,
      0.8246013320119567,
      0.8718749450743924,
      0.9210257181755411,
      1.0
    ],
    "hybrid": [
      0.0,
      0.4962107121299319,
      0.5726055294906883,
      0.6183459280588511,
      0.6610039569177756,
      0.6872268331327592,
      0.7394177995777024,
      0.8238902645011222,
      0.8665927044708971,
      0.9201966174363636,
      1.0
    ],
    "aggressive_hybrid": [
      0.0,
      0.4962107121299319,
      0.5726055294906883,
      0.6183459280588511,
      0.6610039569177756,
      0.6872268331327592,
      0.7394177995777024,
      0.8238902645011222,
      0.8665927044708971,
      0.9201966174363636,
      1.0
    ],
    "calibrated_hybrid": [
      0.0,
      0.4962107121299319,
      0.5726055294906883,
      0.6183459280588511,
      0.6610039569177756,
      0.6872268331327592,
      0.7394177995777024,
      0.8238902645011222,
      0.8665927044708971,
      0.9201966174363636,
      1.0
    ]
  }
}