K,QErr_Prior,QErr_Teacher,QErr_MLP
4,2.621371,1.865200,1.758956
8,2.621371,1.865200,1.499478
16,2.621371,1.865200,1.313514
32,2.621371,1.865200,1.335516