{
  "hybrid_choice": "isomer",
  "boundaries": {
    "stale": [
      0.0,
      0.5214783703695755,
      0.5714373071167989,
      0.6120156723128283,
      0.6589770757166135,
      0.7175118073502719,
      0.7737456457507249,
      0.8242198723655689,
      0.8717859183583408,
      0.9209055189703071,
      1.0
    ],
    "isomer": [
      0.0,
      0.04613903856362774,
      0.08260480585809012,
      0.1202314554634792,
      0.16083547332959186,
      0.2080036456871495,
      0.2642512215139468,
      0.34013263915665587,
      0.4804401094124539,
      0.6597603770510486,
      1.0
    ],
    "oasis": [
      0.0,
      0.09101324528455734,
      0.11631862819194794,
      0.13802945613861084,
      0.15359655022621155,
      0.18326875567436218,
      0.22826243937015533,
      0.3138962388038635,
      0.49557650089263916,
      0.7510819435119629,
      1.0
    ],
    "oasis_projected": [
      0.0,
      0.046138262769294086,
      0.08259790019379239,
      0.12128286982428797,
      0.15790685202404509,
      0.20495338171509622,
      0.260511256570424,
      0.3431381153334249,
      0.479765597272792,
      0.6623302966448947,
      1.0
    ],
    "oasis_soft_projection": [
      0.0,
      0.04602944753920764,
      0.08662061945651932,
      0.12675849842730746,
      0.15811992874566716,
      0.2001323669197826,
      0.2551964400928982,
      0.34673007946354917,
      0.48266187654017534,
      0.6706614998310434,
      1.0
    ],
    "fresh": [
      0.0,
      0.046372019219659284,
      0.08248377053476244,
      0.11983635959250107,
      0.1604818024186119,
      0.20656707035051208,
      0.2630939794276801,
      0.3392597530677739,
      0.4798425569691939,
      0.6589922399470944,
      1.0
    ],
    "hybrid": [
      0.0,
      0.04613903856362774,
      0.08260480585809012,
      0.1202314554634792,
      0.16083547332959186,
      0.2080036456871495,
      0.2642512215139468,
      0.34013263915665587,
      0.4804401094124539,
      0.6597603770510486,
      1.0
    ],
    "aggressive_hybrid": [
      0.0,
      0.04613903856362774,
      0.08260480585809012,
      0.1202314554634792,
      0.16083547332959186,
      0.2080036456871495,
      0.2642512215139468,
      0.34013263915665587,
      0.4804401094124539,
      0.6597603770510486,
      1.0
    ],
    "calibrated_hybrid": [
      0.0,
      0.04613903856362774,
      0.08260480585809012,
      0.1202314554634792,
      0.16083547332959186,
      0.2080036456871495,
      0.2642512215139468,
      0.34013263915665587,
      0.4804401094124539,
      0.6597603770510486,
      1.0
    ]
  }
}