{
  "hybrid_choice": "oasis_projected",
  "boundaries": {
    "stale": [
      0.0,
      0.5212796113757183,
      0.5700105341529139,
      0.6108913584199853,
      0.6572078919816757,
      0.7159887465637949,
      0.7719889147167797,
      0.8234196183224014,
      0.8713013510021211,
      0.9206686997788787,
      1.0
    ],
    "isomer": [
      0.0,
      0.044696442556495006,
      0.08235503457519185,
      0.1213060710249636,
      0.16025710747473537,
      0.24741168732096722,
      0.5591967765806505,
      0.6325357394730172,
      0.6797179679251738,
      0.7108648628526865,
      1.0
    ],
    "oasis": [
      0.0,
      0.07703690230846405,
      0.10084345191717148,
      0.12194804847240448,
      0.13820846378803253,
      0.16997787356376648,
      0.21688567101955414,
      0.2970047891139984,
      0.4695861041545868,
      0.7254515290260315,
      1.0
    ],
    "oasis_projected": [
      0.0,
      0.0506506690998876,
      0.0890402332970596,
      0.12296856814481438,
      0.15794740437253071,
      0.20222999229024322,
      0.24937061912726843,
      0.31829306406355956,
      0.44641977591433035,
      0.6264804443592995,
      1.0
    ],
    "oasis_soft_projection": [
      0.0,
      0.05631866054654404,
      0.09466977917499164,
      0.12448437421650771,
      0.15635800568466268,
      0.20051631155208277,
      0.2511483730202587,
      0.33225674441159964,
      0.4617423415891682,
      0.6495550466251809,
      1.0
    ],
    "fresh": [
      0.0,
      0.045914302710722214,
      0.08282416510258202,
      0.120038574718059,
      0.1597714000409735,
      0.20491455373488832,
      0.2618840131041197,
      0.33931859344748827,
      0.48300526023370827,
      0.6589347365022781,
      1.0
    ],
    "hybrid": [
      0.0,
      0.0506506690998876,
      0.0890402332970596,
      0.12296856814481438,
      0.15794740437253071,
      0.20222999229024322,
      0.24937061912726843,
      0.31829306406355956,
      0.44641977591433035,
      0.6264804443592995,
      1.0
    ],
    "aggressive_hybrid": [
      0.0,
      0.0506506690998876,
      0.0890402332970596,
      0.12296856814481438,
      0.15794740437253071,
      0.20222999229024322,
      0.24937061912726843,
      0.31829306406355956,
      0.44641977591433035,
      0.6264804443592995,
      1.0
    ],
    "calibrated_hybrid": [
      0.0,
      0.0506506690998876,
      0.0890402332970596,
      0.12296856814481438,
      0.15794740437253071,
      0.20222999229024322,
      0.24937061912726843,
      0.31829306406355956,
      0.44641977591433035,
      0.6264804443592995,
      1.0
    ]
  }
}