{
  "hybrid_choice": "oasis_projected",
  "boundaries": {
    "stale": [
      0.0,
      0.5216250634381033,
      0.5713572733713465,
      0.6118916257364482,
      0.65904635510691,
      0.7187847282313116,
      0.7748821203634029,
      0.8248988632213465,
      0.8723884541501874,
      0.9220766037982971,
      1.0
    ],
    "isomer": [
      0.0,
      0.044666977013638864,
      0.08230295574607543,
      0.13601527308075945,
      0.19394578893590736,
      0.25187630479105527,
      0.3098068206462032,
      0.5260576308655392,
      0.571594880771017,
      0.7723001827741971,
      1.0
    ],
    "oasis": [
      0.0,
      0.11253167688846588,
      0.140397846698761,
      0.1595000922679901,
      0.17179635167121887,
      0.196974515914917,
      0.23544470965862274,
      0.3211476504802704,
      0.5226572751998901,
      0.7230021953582764,
      0.9999999403953552
    ],
    "oasis_projected": [
      0.0,
      0.04466324545178339,
      0.08230343486616526,
      0.1363056986398273,
      0.16173120795410828,
      0.18463075562200285,
      0.229214083703147,
      0.34897831194699896,
      0.5120083641416324,
      0.6740799072233787,
      1.0
    ],
    "oasis_soft_projection": [
      0.0,
      0.046250366351532096,
      0.08914690484502229,
      0.14117929557531425,
      0.16331042584635896,
      0.18637063554170835,
      0.22959011856043987,
      0.3430845208148063,
      0.5093757086639878,
      0.6779021345390666,
      1.0
    ],
    "fresh": [
      0.0,
      0.046210899732818986,
      0.0826772837103902,
      0.11991863987523714,
      0.16045025017141415,
      0.20701170911982378,
      0.2637715701412526,
      0.34011616382250004,
      0.4823940252703431,
      0.6605299948437998,
      1.0
    ],
    "hybrid": [
      0.0,
      0.04466324545178339,
      0.08230343486616526,
      0.1363056986398273,
      0.16173120795410828,
      0.18463075562200285,
      0.229214083703147,
      0.34897831194699896,
      0.5120083641416324,
      0.6740799072233787,
      1.0
    ],
    "aggressive_hybrid": [
      0.0,
      0.04466324545178339,
      0.08230343486616526,
      0.1363056986398273,
      0.16173120795410828,
      0.18463075562200285,
      0.229214083703147,
      0.34897831194699896,
      0.5120083641416324,
      0.6740799072233787,
      1.0
    ],
    "calibrated_hybrid": [
      0.0,
      0.04466324545178339,
      0.08230343486616526,
      0.1363056986398273,
      0.16173120795410828,
      0.18463075562200285,
      0.229214083703147,
      0.34897831194699896,
      0.5120083641416324,
      0.6740799072233787,
      1.0
    ]
  }
}