{
  "hybrid_choice": "isomer",
  "boundaries": {
    "stale": [
      0.0,
      0.5214783703695755,
      0.5714373071167989,
      0.6120156723128283,
      0.6589770757166135,
      0.7175118073502719,
      0.7737456457507249,
      0.8242198723655689,
      0.8717859183583408,
      0.9209055189703071,
      1.0
    ],
    "isomer": [
      0.0,
      0.04613903856362774,
      0.08260480585809012,
      0.1202314554634792,
      0.16083547332959186,
      0.2080036456871495,
      0.2642512215139468,
      0.34013263915665587,
      0.4804401094124539,
      0.6597603770510486,
      1.0
    ],
    "oasis": [
      0.0,
      0.1276808376689414,
      0.12831780977867063,
      0.12831780977867063,
      0.12831780977867063,
      0.1545694965120713,
      0.16213597355572595,
      0.2106964684304835,
      0.2749812496909756,
      0.47263302905083615,
      1.0
    ],
    "oasis_projected": [
      0.0,
      0.046138584058060934,
      0.08259789032853879,
      0.1278796685346769,
      0.15929944690565143,
      0.20577826381231187,
      0.26311250531106767,
      0.34267188339651383,
      0.47969944459662284,
      0.6620322894335282,
      1.0
    ],
    "fresh": [
      0.0,
      0.046372019219659284,
      0.08248377053476244,
      0.11983635959250107,
      0.1604818024186119,
      0.20656707035051208,
      0.2630939794276801,
      0.3392597530677739,
      0.4798425569691939,
      0.6589922399470944,
      1.0
    ],
    "hybrid": [
      0.0,
      0.04613903856362774,
      0.08260480585809012,
      0.1202314554634792,
      0.16083547332959186,
      0.2080036456871495,
      0.2642512215139468,
      0.34013263915665587,
      0.4804401094124539,
      0.6597603770510486,
      1.0
    ]
  }
}