{
  "hybrid_choice": "oasis_projected",
  "boundaries": {
    "stale": [
      0.0,
      0.04636386176767939,
      0.08327973231200252,
      0.120358322828919,
      0.16039200134606252,
      0.2067466873344434,
      0.2641522598010552,
      0.34253607337321657,
      0.48240565352801146,
      0.6603543701605677,
      1.0
    ],
    "isomer": [
      0.0,
      0.2420949471430239,
      0.27994441634983686,
      0.325854490184359,
      0.39469195261483875,
      0.4766147688120705,
      0.5792643091903806,
      0.7045134551488582,
      0.8435146575690189,
      0.8917912465501445,
      1.0
    ],
    "oasis": [
      0.0,
      0.16686032712459564,
      0.3971211910247803,
      0.5393825769424438,
      0.608339786529541,
      0.6452550888061523,
      0.6756455302238464,
      0.6933282017707825,
      0.7532159686088562,
      0.8592105507850647,
      0.9999998807907104
    ],
    "oasis_projected": [
      0.0,
      0.42307829071106495,
      0.5524606986729044,
      0.6156065862769882,
      0.6514561248875358,
      0.679380828471088,
      0.7064098222811224,
      0.7771315899907167,
      0.8470003732550844,
      0.8969971339447939,
      1.0
    ],
    "oasis_soft_projection": [
      0.0,
      0.3794915130460176,
      0.5319330440999909,
      0.6063975184313664,
      0.6451086290908223,
      0.6760032749825765,
      0.6959890273877786,
      0.7604902740031286,
      0.8422953101776992,
      0.8947092796060375,
      1.0
    ],
    "fresh": [
      0.0,
      0.5218020308312559,
      0.5715305192265684,
      0.6119618975997023,
      0.6592509061763617,
      0.7179645669292761,
      0.7736150950982297,
      0.8243099426468835,
      0.8715262600031339,
      0.9208631206091349,
      1.0
    ],
    "hybrid": [
      0.0,
      0.42307829071106495,
      0.5524606986729044,
      0.6156065862769882,
      0.6514561248875358,
      0.679380828471088,
      0.7064098222811224,
      0.7771315899907167,
      0.8470003732550844,
      0.8969971339447939,
      1.0
    ],
    "aggressive_hybrid": [
      0.0,
      0.42145833742433225,
      0.5552681509453096,
      0.6190328093803035,
      0.6558601012628151,
      0.6828645505058651,
      0.7213286707807494,
      0.8090585973345519,
      0.8544233902677548,
      0.8991378680360906,
      0.9999998807907104
    ],
    "calibrated_hybrid": [
      0.0,
      0.42307829071106495,
      0.5524606986729044,
      0.6156065862769882,
      0.6514561248875358,
      0.679380828471088,
      0.7064098222811224,
      0.7771315899907167,
      0.8470003732550844,
      0.8969971339447939,
      1.0
    ]
  }
}