{
  "hybrid_choice": "oasis_projected",
  "boundaries": {
    "stale": [
      0.0,
      0.5212062694979652,
      0.5712401477915283,
      0.6118478614643919,
      0.6587167731421915,
      0.7170159798156597,
      0.7732351756945919,
      0.8238650404189899,
      0.8714382601157573,
      0.9212358547282592,
      1.0
    ],
    "isomer": [
      0.0,
      0.32492174281005826,
      0.5830100219352828,
      0.6583508641679069,
      0.7100918297642435,
      0.7583010523510866,
      0.8029795732075977,
      0.8448265336799868,
      0.886065984853011,
      0.9328040865391068,
      1.0
    ],
    "oasis": [
      0.0,
      0.1261749267578125,
      0.1750389039516449,
      0.1997186690568924,
      0.21790257096290588,
      0.2629074156284332,
      0.3164086937904358,
      0.3844445049762726,
      0.49216511845588684,
      0.666111409664154,
      0.9999999403953552
    ],
    "oasis_projected": [
      0.0,
      0.10079938979243462,
      0.16258420892559483,
      0.19210110985855341,
      0.21131223163363702,
      0.24417648079235785,
      0.2912647381999849,
      0.35065293608351666,
      0.46976810871708397,
      0.6840649504072323,
      1.0
    ],
    "oasis_soft_projection": [
      0.0,
      0.1095780030540243,
      0.1657858913673621,
      0.19361816886109331,
      0.21235629953871943,
      0.24657814445955972,
      0.29390299122561925,
      0.3546556530307221,
      0.4731347295502869,
      0.6854180657206861,
      1.0
    ],
    "fresh": [
      0.0,
      0.046207831237942434,
      0.08334308035482428,
      0.12103187894850563,
      0.16169040194241113,
      0.20853659123879514,
      0.2658087868245315,
      0.3437241931573266,
      0.48763843020688113,
      0.6624582690457288,
      1.0
    ],
    "hybrid": [
      0.0,
      0.10079938979243462,
      0.16258420892559483,
      0.19210110985855341,
      0.21131223163363702,
      0.24417648079235785,
      0.2912647381999849,
      0.35065293608351666,
      0.46976810871708397,
      0.6840649504072323,
      1.0
    ],
    "aggressive_hybrid": [
      0.0,
      0.10079938979243462,
      0.16258420892559483,
      0.19210110985855341,
      0.21131223163363702,
      0.24417648079235785,
      0.2912647381999849,
      0.35065293608351666,
      0.46976810871708397,
      0.6840649504072323,
      1.0
    ],
    "calibrated_hybrid": [
      0.0,
      0.10079938979243462,
      0.16258420892559483,
      0.19210110985855341,
      0.21131223163363702,
      0.24417648079235785,
      0.2912647381999849,
      0.35065293608351666,
      0.46976810871708397,
      0.6840649504072323,
      1.0
    ]
  }
}