{
  "hybrid_choice": "oasis_projected",
  "boundaries": {
    "stale": [
      0.0,
      0.5214783703695755,
      0.5714373071167989,
      0.6120156723128283,
      0.6589770757166135,
      0.7175118073502719,
      0.7737456457507249,
      0.8242198723655689,
      0.8717859183583408,
      0.9209055189703071,
      1.0
    ],
    "isomer": [
      0.0,
      0.044826658501224824,
      0.08255403296784031,
      0.12195894993302092,
      0.16136386689820156,
      0.2491641762880296,
      0.560263814514692,
      0.6332041642472637,
      0.6797272587674117,
      0.7105752960901923,
      1.0
    ],
    "oasis": [
      0.0,
      0.07747803628444672,
      0.10197027027606964,
      0.12298738211393356,
      0.1394965797662735,
      0.17121902108192444,
      0.2185019552707672,
      0.2975982427597046,
      0.47023725509643555,
      0.7248997092247009,
      1.0
    ],
    "oasis_projected": [
      0.0,
      0.05074777893158641,
      0.08988996102259803,
      0.124056456117697,
      0.15925149929140095,
      0.20376774472465317,
      0.25027778022259967,
      0.3174672510871507,
      0.4458181319580564,
      0.625197185311808,
      1.0
    ],
    "oasis_soft_projection": [
      0.0,
      0.0564973517308183,
      0.09571824340321672,
      0.1256096609825228,
      0.157671653878807,
      0.2019900148496131,
      0.2520381564138816,
      0.33164262992936566,
      0.46152239993526156,
      0.648647571210631,
      1.0
    ],
    "fresh": [
      0.0,
      0.046372019219659284,
      0.08248377053476244,
      0.11983635959250107,
      0.1604818024186119,
      0.20656707035051208,
      0.2630939794276801,
      0.3392597530677739,
      0.4798425569691939,
      0.6589922399470944,
      1.0
    ],
    "hybrid": [
      0.0,
      0.05074777893158641,
      0.08988996102259803,
      0.124056456117697,
      0.15925149929140095,
      0.20376774472465317,
      0.25027778022259967,
      0.3174672510871507,
      0.4458181319580564,
      0.625197185311808,
      1.0
    ],
    "aggressive_hybrid": [
      0.0,
      0.05074777893158641,
      0.08988996102259803,
      0.124056456117697,
      0.15925149929140095,
      0.20376774472465317,
      0.25027778022259967,
      0.3174672510871507,
      0.4458181319580564,
      0.625197185311808,
      1.0
    ],
    "calibrated_hybrid": [
      0.0,
      0.05074777893158641,
      0.08988996102259803,
      0.124056456117697,
      0.15925149929140095,
      0.20376774472465317,
      0.25027778022259967,
      0.3174672510871507,
      0.4458181319580564,
      0.625197185311808,
      1.0
    ]
  }
}