{
  "hybrid_choice": "isomer",
  "boundaries": {
    "stale": [
      0.0,
      0.04627985826399463,
      0.08313840933183174,
      0.12005699818552543,
      0.16022517926918775,
      0.20668148409495463,
      0.26365278694436306,
      0.3407624287416241,
      0.4861144332572319,
      0.6612071869002967,
      1.0
    ],
    "isomer": [
      0.0,
      0.5084883672172129,
      0.5690995314624195,
      0.6123126293956905,
      0.6563764477356265,
      0.7164625818456485,
      0.7728812477798017,
      0.8231943623961054,
      0.8706136647634084,
      0.9204038371450135,
      1.0
    ],
    "oasis": [
      0.0,
      0.5878336543698958,
      0.6888527012195692,
      0.7508790150751065,
      0.7834489096099647,
      0.8109602090042486,
      0.8109602090042486,
      0.8109602090042486,
      0.8109602090042486,
      0.8960617951374957,
      1.0
    ],
    "oasis_projected": [
      0.0,
      0.5109932901527378,
      0.5698508555677162,
      0.6140366845535291,
      0.6613709662711831,
      0.7204401402469612,
      0.7752932191575344,
      0.8232197118518628,
      0.8706351493825752,
      0.9204329653836182,
      1.0
    ],
    "fresh": [
      0.0,
      0.521189764648318,
      0.5713010290732123,
      0.6115782853643572,
      0.6587187736115946,
      0.7172577095347393,
      0.7732059693818332,
      0.8231265774887258,
      0.8706382502140898,
      0.9203253984996919,
      1.0
    ],
    "hybrid": [
      0.0,
      0.5084883672172129,
      0.5690995314624195,
      0.6123126293956905,
      0.6563764477356265,
      0.7164625818456485,
      0.7728812477798017,
      0.8231943623961054,
      0.8706136647634084,
      0.9204038371450135,
      1.0
    ]
  }
}