{
  "hybrid_choice": "oasis_projected",
  "boundaries": {
    "stale": [
      0.0,
      0.04636386176767939,
      0.08327973231200252,
      0.120358322828919,
      0.16039200134606252,
      0.2067466873344434,
      0.2641522598010552,
      0.34253607337321657,
      0.48240565352801146,
      0.6603543701605677,
      1.0
    ],
    "isomer": [
      0.0,
      0.4664534591284416,
      0.5445010016561206,
      0.6112971322240232,
      0.6544763592239248,
      0.7150964925852419,
      0.7704844178381757,
      0.8250768245193488,
      0.8733534135004746,
      0.9216874720682969,
      1.0
    ],
    "oasis": [
      0.0,
      0.16766706109046936,
      0.43634232878685,
      0.5591080784797668,
      0.618007242679596,
      0.646697461605072,
      0.6746960282325745,
      0.6938777565956116,
      0.7554200291633606,
      0.8644607067108154,
      0.9999999403953552
    ],
    "oasis_projected": [
      0.0,
      0.4966320091215426,
      0.5728276404024465,
      0.6185167247688097,
      0.6612708756834573,
      0.6879416521391206,
      0.7384239272843157,
      0.8238284762332978,
      0.8671479764487072,
      0.9203031910006981,
      1.0
    ],
    "oasis_soft_projection": [
      0.0,
      0.48663251918700734,
      0.5741955836929857,
      0.6235782084491155,
      0.6607980690934306,
      0.6863181308703667,
      0.7310882959610197,
      0.8182334283166863,
      0.8635638628881503,
      0.9173632183265175,
      1.0
    ],
    "fresh": [
      0.0,
      0.5218020308312559,
      0.5715305192265684,
      0.6119618975997023,
      0.6592509061763617,
      0.7179645669292761,
      0.7736150950982297,
      0.8243099426468835,
      0.8715262600031339,
      0.9208631206091349,
      1.0
    ],
    "hybrid": [
      0.0,
      0.4966320091215426,
      0.5728276404024465,
      0.6185167247688097,
      0.6612708756834573,
      0.6879416521391206,
      0.7384239272843157,
      0.8238284762332978,
      0.8671479764487072,
      0.9203031910006981,
      1.0
    ],
    "aggressive_hybrid": [
      0.0,
      0.4966320091215426,
      0.5728276404024465,
      0.6185167247688097,
      0.6612708756834573,
      0.6879416521391206,
      0.7384239272843157,
      0.8238284762332978,
      0.8671479764487072,
      0.9203031910006981,
      1.0
    ],
    "calibrated_hybrid": [
      0.0,
      0.4966320091215426,
      0.5728276404024465,
      0.6185167247688097,
      0.6612708756834573,
      0.6879416521391206,
      0.7384239272843157,
      0.8238284762332978,
      0.8671479764487072,
      0.9203031910006981,
      1.0
    ]
  }
}