{
  "hybrid_choice": "isomer",
  "boundaries": {
    "stale": [
      0.0,
      0.046372797838636334,
      0.0825864972123704,
      0.12000148733663805,
      0.16065619179725635,
      0.20752143952556237,
      0.26435777303824687,
      0.34273652252682973,
      0.48909023381727723,
      0.6634162605305327,
      1.0
    ],
    "isomer": [
      0.0,
      0.5094504014526707,
      0.5694201898399894,
      0.6129362869184048,
      0.6576210418488213,
      0.7178775250903554,
      0.7743097025063441,
      0.8247784432321011,
      0.871853722132419,
      0.9212316206349924,
      1.0
    ],
    "oasis": [
      0.0,
      0.16912178695201874,
      0.43581217527389526,
      0.5636000633239746,
      0.624856173992157,
      0.6541042923927307,
      0.6811952590942383,
      0.6995707750320435,
      0.761404275894165,
      0.8662214875221252,
      1.0
    ],
    "oasis_projected": [
      0.0,
      0.5135257331939539,
      0.5714304911170817,
      0.6178055419605781,
      0.661182701161415,
      0.716758806221034,
      0.7719438667299695,
      0.8246712658374052,
      0.8718429559623815,
      0.9211096373658022,
      1.0
    ],
    "oasis_soft_projection": [
      0.0,
      0.4842360935432825,
      0.5683622002219223,
      0.6263464507615775,
      0.6620176127070376,
      0.6962336925597216,
      0.7583738408673196,
      0.8251141394921079,
      0.8702890555845555,
      0.9226058118880497,
      1.0
    ],
    "fresh": [
      0.0,
      0.522125248656935,
      0.571769986693826,
      0.6125182871967373,
      0.6593600169744271,
      0.7185080051880075,
      0.7745005546259206,
      0.8246013320119567,
      0.8718749450743924,
      0.9210257181755411,
      1.0
    ],
    "hybrid": [
      0.0,
      0.5094504014526707,
      0.5694201898399894,
      0.6129362869184048,
      0.6576210418488213,
      0.7178775250903554,
      0.7743097025063441,
      0.8247784432321011,
      0.871853722132419,
      0.9212316206349924,
      1.0
    ],
    "aggressive_hybrid": [
      0.0,
      0.5094504014526707,
      0.5694201898399894,
      0.6129362869184048,
      0.6576210418488213,
      0.7178775250903554,
      0.7743097025063441,
      0.8247784432321011,
      0.871853722132419,
      0.9212316206349924,
      1.0
    ],
    "calibrated_hybrid": [
      0.0,
      0.5094504014526707,
      0.5694201898399894,
      0.6129362869184048,
      0.6576210418488213,
      0.7178775250903554,
      0.7743097025063441,
      0.8247784432321011,
      0.871853722132419,
      0.9212316206349924,
      1.0
    ]
  }
}