{
  "hybrid_choice": "oasis_projected",
  "boundaries": {
    "stale": [
      0.0,
      0.046372797838636334,
      0.0825864972123704,
      0.12000148733663805,
      0.16065619179725635,
      0.20752143952556237,
      0.26435777303824687,
      0.34273652252682973,
      0.48909023381727723,
      0.6634162605305327,
      1.0
    ],
    "isomer": [
      0.0,
      0.2586839509033822,
      0.32820217001812313,
      0.4687350658588686,
      0.6340828476115208,
      0.7174361015523758,
      0.7712552055414635,
      0.8250250344105409,
      0.873237227492333,
      0.9214986956941356,
      1.0
    ],
    "oasis": [
      0.0,
      0.17069470882415771,
      0.42522236704826355,
      0.5723471641540527,
      0.644302487373352,
      0.6798211932182312,
      0.7108121514320374,
      0.7304604649543762,
      0.7990662455558777,
      0.892732560634613,
      1.0
    ],
    "oasis_projected": [
      0.0,
      0.4217534545408722,
      0.5406896149165611,
      0.6201840406413124,
      0.6642890892414319,
      0.712191859026943,
      0.7372220238942119,
      0.8109518672634308,
      0.8644418844958038,
      0.9134926464031778,
      1.0
    ],
    "oasis_soft_projection": [
      0.0,
      0.3658013582666867,
      0.5106710138376107,
      0.6107134690749619,
      0.6652094848793171,
      0.7099415484640228,
      0.730389268840837,
      0.8010187306289382,
      0.8608955977839602,
      0.9113803235964236,
      1.0
    ],
    "fresh": [
      0.0,
      0.522125248656935,
      0.571769986693826,
      0.6125182871967373,
      0.6593600169744271,
      0.7185080051880075,
      0.7745005546259206,
      0.8246013320119567,
      0.8718749450743924,
      0.9210257181755411,
      1.0
    ],
    "hybrid": [
      0.0,
      0.4217534545408722,
      0.5406896149165611,
      0.6201840406413124,
      0.6642890892414319,
      0.712191859026943,
      0.7372220238942119,
      0.8109518672634308,
      0.8644418844958038,
      0.9134926464031778,
      1.0
    ],
    "aggressive_hybrid": [
      0.0,
      0.4114329556498054,
      0.5352520707321565,
      0.6177105044745308,
      0.6633558588607568,
      0.7116122359557421,
      0.7471856253122151,
      0.8304126231362606,
      0.8705386936617193,
      0.9132686685795625,
      1.0
    ],
    "calibrated_hybrid": [
      0.0,
      0.4217534545408722,
      0.5406896149165611,
      0.6201840406413124,
      0.6642890892414319,
      0.712191859026943,
      0.7372220238942119,
      0.8109518672634308,
      0.8644418844958038,
      0.9134926464031778,
      1.0
    ]
  }
}