{
  "hybrid_choice": "isomer",
  "boundaries": {
    "stale": [
      0.0,
      0.04657620100042175,
      0.08347856035325792,
      0.12074851199485429,
      0.16131384673773141,
      0.2080359914514765,
      0.2647191621083884,
      0.3424792385145863,
      0.4855451389337328,
      0.6620685253584908,
      1.0
    ],
    "isomer": [
      0.0,
      0.5083117051634691,
      0.568777718913048,
      0.6123218342981669,
      0.6567336328097206,
      0.7160248091976458,
      0.7726906939167334,
      0.8238399545359535,
      0.8709256873819283,
      0.9209552558659773,
      1.0
    ],
    "oasis": [
      0.0,
      0.5866005214438604,
      0.687860393036264,
      0.7505573403497132,
      0.7836767291997333,
      0.8108420274220949,
      0.8108420274220949,
      0.8108420274220949,
      0.8108420274220949,
      0.8959549976140821,
      1.0
    ],
    "oasis_projected": [
      0.0,
      0.5111365498587122,
      0.5695623512268445,
      0.6136986329231525,
      0.6609552443380727,
      0.720006608071029,
      0.7751332056855454,
      0.8238630495409269,
      0.8709441319286022,
      0.9209813060992776,
      1.0
    ],
    "fresh": [
      0.0,
      0.5212714215751602,
      0.5713019475631738,
      0.6119514132618182,
      0.6583186482604394,
      0.716652560631399,
      0.7731039880924366,
      0.823607061889887,
      0.8709471755564938,
      0.9206871531173294,
      1.0
    ],
    "hybrid": [
      0.0,
      0.5083117051634691,
      0.568777718913048,
      0.6123218342981669,
      0.6567336328097206,
      0.7160248091976458,
      0.7726906939167334,
      0.8238399545359535,
      0.8709256873819283,
      0.9209552558659773,
      1.0
    ]
  }
}