{
  "hybrid_choice": "isomer",
  "boundaries": {
    "stale": [
      0.0,
      0.5212820269925862,
      0.5717937813369111,
      0.6126110058426154,
      0.6591472229952643,
      0.7171368725468474,
      0.7743390844833519,
      0.823927329830109,
      0.8710150835526007,
      0.9207396338513141,
      1.0
    ],
    "isomer": [
      0.0,
      0.04545288408715207,
      0.08073779706067061,
      0.11889559208496156,
      0.16088265340866265,
      0.20904015677862067,
      0.2669711358884755,
      0.3454856184387645,
      0.48841396768443474,
      0.6646101073538553,
      1.0
    ],
    "oasis": [
      0.0,
      0.12749003002726217,
      0.1281723581632705,
      0.1281723581632705,
      0.1281723581632705,
      0.15417684249433683,
      0.16351322476715702,
      0.212729062592399,
      0.27754895512498623,
      0.47608143238622735,
      1.0
    ],
    "oasis_projected": [
      0.0,
      0.045452197594484725,
      0.08073101311736776,
      0.127691465442868,
      0.1598596905942297,
      0.2068320044522927,
      0.26568092868729015,
      0.3474539604447771,
      0.4875162634656868,
      0.66641429348477,
      1.0
    ],
    "oasis_soft_projection": [
      0.0,
      0.04549405871841352,
      0.0853962624428578,
      0.13103836479412628,
      0.16062232361770193,
      0.20554968545341326,
      0.2620183984473768,
      0.35826757266271186,
      0.47461933366253284,
      0.7033019393404053,
      1.0
    ],
    "fresh": [
      0.0,
      0.045743781515224166,
      0.08130806508800004,
      0.11833452923116061,
      0.16047827032993406,
      0.20779471343765085,
      0.2661644108295283,
      0.3423589680047859,
      0.48765897908845507,
      0.6619963389242287,
      1.0
    ],
    "hybrid": [
      0.0,
      0.04545288408715207,
      0.08073779706067061,
      0.11889559208496156,
      0.16088265340866265,
      0.20904015677862067,
      0.2669711358884755,
      0.3454856184387645,
      0.48841396768443474,
      0.6646101073538553,
      1.0
    ],
    "aggressive_hybrid": [
      0.0,
      0.04545288408715207,
      0.08073779706067061,
      0.11889559208496156,
      0.16088265340866265,
      0.20904015677862067,
      0.2669711358884755,
      0.3454856184387645,
      0.48841396768443474,
      0.6646101073538553,
      1.0
    ],
    "calibrated_hybrid": [
      0.0,
      0.04545288408715207,
      0.08073779706067061,
      0.11889559208496156,
      0.16088265340866265,
      0.20904015677862067,
      0.2669711358884755,
      0.3454856184387645,
      0.48841396768443474,
      0.6646101073538553,
      1.0
    ]
  }
}