{
  "hybrid_choice": "isomer",
  "boundaries": {
    "stale": [
      0.0,
      0.04618573680727257,
      0.08250386918481287,
      0.12008566050368465,
      0.16044309370537768,
      0.20656110687079687,
      0.2631206587030396,
      0.339889280442238,
      0.4815286272645288,
      0.6598415047810567,
      1.0
    ],
    "isomer": [
      0.0,
      0.5090371589303436,
      0.5694431539395299,
      0.6128051213660218,
      0.656579031623254,
      0.7173464812022533,
      0.7737148485160835,
      0.8246293907407067,
      0.871994479939947,
      0.9212644621121377,
      1.0
    ],
    "oasis": [
      0.0,
      0.5890584549793184,
      0.6887983993863476,
      0.7510809026744524,
      0.7840517476130221,
      0.8105745592042095,
      0.8105745592042095,
      0.8105745592042095,
      0.8105745592042095,
      0.8967556722168212,
      1.0
    ],
    "oasis_projected": [
      0.0,
      0.5119299551829689,
      0.5702038559130943,
      0.6146410212593819,
      0.6622665132522669,
      0.7214481086637173,
      0.7760816209219501,
      0.824655621459843,
      0.8720171565207377,
      0.9212939177994761,
      1.0
    ],
    "fresh": [
      0.0,
      0.5219711625267291,
      0.5715598876318352,
      0.6121929845671467,
      0.6596707567597339,
      0.7177787840412639,
      0.774003982733604,
      0.8242776733803152,
      0.8720190259771697,
      0.9208578140646188,
      1.0
    ],
    "hybrid": [
      0.0,
      0.5090371589303436,
      0.5694431539395299,
      0.6128051213660218,
      0.656579031623254,
      0.7173464812022533,
      0.7737148485160835,
      0.8246293907407067,
      0.871994479939947,
      0.9212644621121377,
      1.0
    ],
    "aggressive_hybrid": [
      0.0,
      0.5090371589303436,
      0.5694431539395299,
      0.6128051213660218,
      0.656579031623254,
      0.7173464812022533,
      0.7737148485160835,
      0.8246293907407067,
      0.871994479939947,
      0.9212644621121377,
      1.0
    ]
  }
}