{
  "hybrid_choice": "isomer",
  "boundaries": {
    "stale": [
      0.0,
      0.04627985826399463,
      0.08313840933183174,
      0.12005699818552543,
      0.16022517926918775,
      0.20668148409495463,
      0.26365278694436306,
      0.3407624287416241,
      0.4861144332572319,
      0.6612071869002967,
      1.0
    ],
    "isomer": [
      0.0,
      0.5084883672172129,
      0.5690995314624195,
      0.6123126293956905,
      0.6563764477356265,
      0.7164625818456485,
      0.7728812477798017,
      0.8231943623961054,
      0.8706136647634084,
      0.9204038371450135,
      1.0
    ],
    "oasis": [
      0.0,
      0.1682533174753189,
      0.4392516613006592,
      0.5648735761642456,
      0.6251484751701355,
      0.6539966464042664,
      0.6811099052429199,
      0.6992666125297546,
      0.7608659863471985,
      0.866341233253479,
      1.0
    ],
    "oasis_projected": [
      0.0,
      0.5131104213617915,
      0.5714336426212772,
      0.6170054569917356,
      0.660395287437832,
      0.7154522330714899,
      0.770748876155546,
      0.8231180079072283,
      0.8706075359083327,
      0.9203163819564302,
      1.0
    ],
    "oasis_soft_projection": [
      0.0,
      0.4851588631835419,
      0.5686735797230775,
      0.6258311403888698,
      0.661134968894132,
      0.695565889221443,
      0.7573374135407117,
      0.8236780929276715,
      0.8690556806716669,
      0.9219058619490458,
      1.0
    ],
    "fresh": [
      0.0,
      0.521189764648318,
      0.5713010290732123,
      0.6115782853643572,
      0.6587187736115946,
      0.7172577095347393,
      0.7732059693818332,
      0.8231265774887258,
      0.8706382502140898,
      0.9203253984996919,
      1.0
    ],
    "hybrid": [
      0.0,
      0.5084883672172129,
      0.5690995314624195,
      0.6123126293956905,
      0.6563764477356265,
      0.7164625818456485,
      0.7728812477798017,
      0.8231943623961054,
      0.8706136647634084,
      0.9204038371450135,
      1.0
    ],
    "aggressive_hybrid": [
      0.0,
      0.5084883672172129,
      0.5690995314624195,
      0.6123126293956905,
      0.6563764477356265,
      0.7164625818456485,
      0.7728812477798017,
      0.8231943623961054,
      0.8706136647634084,
      0.9204038371450135,
      1.0
    ],
    "calibrated_hybrid": [
      0.0,
      0.5084883672172129,
      0.5690995314624195,
      0.6123126293956905,
      0.6563764477356265,
      0.7164625818456485,
      0.7728812477798017,
      0.8231943623961054,
      0.8706136647634084,
      0.9204038371450135,
      1.0
    ]
  }
}