{
  "hybrid_choice": "oasis_projected",
  "boundaries": {
    "stale": [
      0.0,
      0.04646819916409655,
      0.08338156815970488,
      0.12057401444043103,
      0.16027747091861877,
      0.2065519034382819,
      0.2634864893457872,
      0.34115453237080434,
      0.482486612319676,
      0.6609505302890052,
      1.0
    ],
    "isomer": [
      0.0,
      0.3118290819278691,
      0.5227597970312856,
      0.6072569528487548,
      0.6423563904358937,
      0.6923076388172726,
      0.7589902816533378,
      0.825223815050411,
      0.8722150361065066,
      0.9226186439214396,
      1.0
    ],
    "oasis": [
      0.0,
      0.1569308191537857,
      0.42868995666503906,
      0.5422296524047852,
      0.5968241095542908,
      0.6274302005767822,
      0.657685399055481,
      0.6762382984161377,
      0.7329525351524353,
      0.8430582284927368,
      1.0
    ],
    "oasis_projected": [
      0.0,
      0.46450081459292397,
      0.5668517686561906,
      0.6122962511551856,
      0.6437728909187937,
      0.6683495663141084,
      0.7108019032662161,
      0.8038684024179902,
      0.8647043600924929,
      0.9146113754415139,
      1.0
    ],
    "oasis_soft_projection": [
      0.0,
      0.4398442455566725,
      0.5628106152288941,
      0.610625234364519,
      0.6414300499744774,
      0.666489184795446,
      0.7038196495695374,
      0.7877983280685572,
      0.8576829336404385,
      0.9126742995491136,
      1.0
    ],
    "fresh": [
      0.0,
      0.5210510331728553,
      0.57090292508829,
      0.61171146976429,
      0.6592580398962499,
      0.718451904915361,
      0.7742242451620203,
      0.8241520691317125,
      0.8716841663402434,
      0.9208537791084661,
      1.0
    ],
    "hybrid": [
      0.0,
      0.46450081459292397,
      0.5668517686561906,
      0.6122962511551856,
      0.6437728909187937,
      0.6683495663141084,
      0.7108019032662161,
      0.8038684024179902,
      0.8647043600924929,
      0.9146113754415139,
      1.0
    ],
    "aggressive_hybrid": [
      0.0,
      0.45608093889060847,
      0.5623869521056934,
      0.6115092339754064,
      0.6450976222200142,
      0.6704513294530808,
      0.7211683884638043,
      0.8262963638080308,
      0.8687475064412675,
      0.9120571657040732,
      1.0
    ],
    "calibrated_hybrid": [
      0.0,
      0.46450081459292397,
      0.5668517686561906,
      0.6122962511551856,
      0.6437728909187937,
      0.6683495663141084,
      0.7108019032662161,
      0.8038684024179902,
      0.8647043600924929,
      0.9146113754415139,
      1.0
    ]
  }
}