{
  "hybrid_choice": "oasis_projected",
  "boundaries": {
    "stale": [
      0.0,
      0.04657620100042175,
      0.08347856035325792,
      0.12074851199485429,
      0.16131384673773141,
      0.2080359914514765,
      0.2647191621083884,
      0.3424792385145863,
      0.4855451389337328,
      0.6620685253584908,
      1.0
    ],
    "isomer": [
      0.0,
      0.24162206042236317,
      0.27880327975892877,
      0.3245728583858487,
      0.39374299449235356,
      0.4779515791632311,
      0.5800774041821857,
      0.7040134529928568,
      0.8429621360645675,
      0.8915021816782888,
      1.0
    ],
    "oasis": [
      0.0,
      0.16731198132038116,
      0.3966996371746063,
      0.5394102334976196,
      0.6091588735580444,
      0.6463394165039062,
      0.6762649416923523,
      0.6936826705932617,
      0.7545938491821289,
      0.8593772053718567,
      1.0
    ],
    "oasis_projected": [
      0.0,
      0.42227075789004587,
      0.5523409225077061,
      0.6162825919612168,
      0.6522588710024143,
      0.6798184089494951,
      0.7064875749904717,
      0.7772721896598709,
      0.8464359660002841,
      0.8966669688642445,
      1.0
    ],
    "oasis_soft_projection": [
      0.0,
      0.37851852408132175,
      0.5314423347140567,
      0.6068986133017144,
      0.6460055713820098,
      0.6765165885380708,
      0.6959896516806536,
      0.7610172030300076,
      0.8417887489132369,
      0.8943789472861692,
      1.0
    ],
    "fresh": [
      0.0,
      0.5212714215751602,
      0.5713019475631738,
      0.6119514132618182,
      0.6583186482604394,
      0.716652560631399,
      0.7731039880924366,
      0.823607061889887,
      0.8709471755564938,
      0.9206871531173294,
      1.0
    ],
    "hybrid": [
      0.0,
      0.42227075789004587,
      0.5523409225077061,
      0.6162825919612168,
      0.6522588710024143,
      0.6798184089494951,
      0.7064875749904717,
      0.7772721896598709,
      0.8464359660002841,
      0.8966669688642445,
      1.0
    ],
    "aggressive_hybrid": [
      0.0,
      0.420650093182728,
      0.5551722815480734,
      0.6197234209808897,
      0.6565829257375442,
      0.6832400158592966,
      0.7216175446565409,
      0.8087432449701235,
      0.8538415591483066,
      0.8988054044421201,
      1.0
    ],
    "calibrated_hybrid": [
      0.0,
      0.42227075789004587,
      0.5523409225077061,
      0.6162825919612168,
      0.6522588710024143,
      0.6798184089494951,
      0.7064875749904717,
      0.7772721896598709,
      0.8464359660002841,
      0.8966669688642445,
      1.0
    ]
  }
}