{
  "hybrid_choice": "isomer",
  "boundaries": {
    "stale": [
      0.0,
      0.5212855199767701,
      0.5705369335180515,
      0.6111736944665601,
      0.6577212964832663,
      0.7163023374390705,
      0.7717278269197045,
      0.8237072339248511,
      0.8726843236864547,
      0.9218132158911084,
      1.0
    ],
    "isomer": [
      0.0,
      0.04523870016859331,
      0.08032147690433161,
      0.11859247936344793,
      0.15963136187911078,
      0.20653664949219241,
      0.2630742813789337,
      0.3403836480397533,
      0.48491019560610743,
      0.6620742127222592,
      1.0
    ],
    "oasis": [
      0.0,
      0.1273391538488844,
      0.12738016967696295,
      0.12738016967696295,
      0.12738016967696295,
      0.15336689199119136,
      0.16052854390618665,
      0.2096441092703183,
      0.27449268841711605,
      0.47201307352858846,
      1.0
    ],
    "oasis_projected": [
      0.0,
      0.04523807915067169,
      0.08031350146321008,
      0.12735192881501367,
      0.15798402158682726,
      0.20444436451943493,
      0.26205582646594805,
      0.3424272347909717,
      0.48408781186902905,
      0.6639111903073268,
      1.0
    ],
    "oasis_soft_projection": [
      0.0,
      0.04505482680325806,
      0.08464075835593837,
      0.12851084910743435,
      0.15806176503339608,
      0.20084052890562257,
      0.2561016032387812,
      0.3477622848729031,
      0.465407857169316,
      0.6752941211309036,
      1.0
    ],
    "fresh": [
      0.0,
      0.04515566859717234,
      0.08013362915154988,
      0.11799406266523077,
      0.1586407847597064,
      0.2059131161860976,
      0.26221764574374434,
      0.3377589177891053,
      0.4842407166054067,
      0.6598793628439399,
      1.0
    ],
    "hybrid": [
      0.0,
      0.04523870016859331,
      0.08032147690433161,
      0.11859247936344793,
      0.15963136187911078,
      0.20653664949219241,
      0.2630742813789337,
      0.3403836480397533,
      0.48491019560610743,
      0.6620742127222592,
      1.0
    ],
    "aggressive_hybrid": [
      0.0,
      0.04523870016859331,
      0.08032147690433161,
      0.11859247936344793,
      0.15963136187911078,
      0.20653664949219241,
      0.2630742813789337,
      0.3403836480397533,
      0.48491019560610743,
      0.6620742127222592,
      1.0
    ]
  }
}