{
  "hybrid_choice": "oasis_projected",
  "boundaries": {
    "stale": [
      0.0,
      0.5216250634381033,
      0.5713572733713465,
      0.6118916257364482,
      0.65904635510691,
      0.7187847282313116,
      0.7748821203634029,
      0.8248988632213465,
      0.8723884541501874,
      0.9220766037982971,
      1.0
    ],
    "isomer": [
      0.0,
      0.04491605327237601,
      0.08259235620214424,
      0.12197312565245111,
      0.161353895102758,
      0.24795824381179693,
      0.5596088136612515,
      0.6331191504622533,
      0.6809479028566936,
      0.7119200664026354,
      1.0
    ],
    "oasis": [
      0.0,
      0.0776737704873085,
      0.10211136937141418,
      0.12313173711299896,
      0.13968013226985931,
      0.1720060259103775,
      0.21916928887367249,
      0.29760637879371643,
      0.4700818955898285,
      0.7279161214828491,
      1.0
    ],
    "oasis_projected": [
      0.0,
      0.05080687778884935,
      0.08987309704603104,
      0.12395092060178162,
      0.15906924934170016,
      0.2040462242614679,
      0.2502541524756769,
      0.3171409089474288,
      0.44488936263171763,
      0.6247886467530179,
      1.0
    ],
    "oasis_soft_projection": [
      0.0,
      0.05645539935541329,
      0.09562426594833595,
      0.12551632594547976,
      0.1575774157918835,
      0.20218255507179708,
      0.251912286306216,
      0.33124847540550084,
      0.460532774265447,
      0.6485627223640902,
      1.0
    ],
    "fresh": [
      0.0,
      0.046210899732818986,
      0.0826772837103902,
      0.11991863987523714,
      0.16045025017141415,
      0.20701170911982378,
      0.2637715701412526,
      0.34011616382250004,
      0.4823940252703431,
      0.6605299948437998,
      1.0
    ],
    "hybrid": [
      0.0,
      0.05080687778884935,
      0.08987309704603104,
      0.12395092060178162,
      0.15906924934170016,
      0.2040462242614679,
      0.2502541524756769,
      0.3171409089474288,
      0.44488936263171763,
      0.6247886467530179,
      1.0
    ],
    "aggressive_hybrid": [
      0.0,
      0.05080687778884935,
      0.08987309704603104,
      0.12395092060178162,
      0.15906924934170016,
      0.2040462242614679,
      0.2502541524756769,
      0.3171409089474288,
      0.44488936263171763,
      0.6247886467530179,
      1.0
    ],
    "calibrated_hybrid": [
      0.0,
      0.05080687778884935,
      0.08987309704603104,
      0.12395092060178162,
      0.15906924934170016,
      0.2040462242614679,
      0.2502541524756769,
      0.3171409089474288,
      0.44488936263171763,
      0.6247886467530179,
      1.0
    ]
  }
}