{
  "hybrid_choice": "oasis_projected",
  "boundaries": {
    "stale": [
      0.0,
      0.04618573680727257,
      0.08250386918481287,
      0.12008566050368465,
      0.16044309370537768,
      0.20656110687079687,
      0.2631206587030396,
      0.339889280442238,
      0.4815286272645288,
      0.6598415047810567,
      1.0
    ],
    "isomer": [
      0.0,
      0.24158885555546217,
      0.2788244203983954,
      0.3237534287170271,
      0.3930131193291579,
      0.4759078652221264,
      0.5788105388709699,
      0.7043413358889613,
      0.8434750315888601,
      0.8917651019310118,
      1.0
    ],
    "oasis": [
      0.0,
      0.1665407419204712,
      0.393389493227005,
      0.537981390953064,
      0.6077016592025757,
      0.6445335745811462,
      0.6745562553405762,
      0.6919100880622864,
      0.7526761293411255,
      0.8590167760848999,
      1.0
    ],
    "oasis_projected": [
      0.0,
      0.420033917111031,
      0.5513310398531163,
      0.6150192614860233,
      0.6507145460192082,
      0.678253973276769,
      0.7052955728448284,
      0.7768665190319202,
      0.8469573051943471,
      0.8969772396836014,
      1.0
    ],
    "oasis_soft_projection": [
      0.0,
      0.37666218103371346,
      0.5307923358354503,
      0.605909742222887,
      0.644471571112212,
      0.6749438477762594,
      0.6947267637629119,
      0.7601594160567212,
      0.8422404010931454,
      0.8946909973104458,
      1.0
    ],
    "fresh": [
      0.0,
      0.5219711625267291,
      0.5715598876318352,
      0.6121929845671467,
      0.6596707567597339,
      0.7177787840412639,
      0.774003982733604,
      0.8242776733803152,
      0.8720190259771697,
      0.9208578140646188,
      1.0
    ],
    "hybrid": [
      0.0,
      0.420033917111031,
      0.5513310398531163,
      0.6150192614860233,
      0.6507145460192082,
      0.678253973276769,
      0.7052955728448284,
      0.7768665190319202,
      0.8469573051943471,
      0.8969772396836014,
      1.0
    ],
    "aggressive_hybrid": [
      0.0,
      0.4184774084544371,
      0.5542078946160582,
      0.6184553284313754,
      0.6550773859999812,
      0.6816786791670401,
      0.720449010323337,
      0.8089177080438568,
      0.8543961773103983,
      0.8991259426583339,
      1.0
    ],
    "calibrated_hybrid": [
      0.0,
      0.420033917111031,
      0.5513310398531163,
      0.6150192614860233,
      0.6507145460192082,
      0.678253973276769,
      0.7052955728448284,
      0.7768665190319202,
      0.8469573051943471,
      0.8969772396836014,
      1.0
    ]
  }
}