{
  "hybrid_choice": "oasis_projected",
  "boundaries": {
    "stale": [
      0.0,
      0.5214783703695755,
      0.5714373071167989,
      0.6120156723128283,
      0.6589770757166135,
      0.7175118073502719,
      0.7737456457507249,
      0.8242198723655689,
      0.8717859183583408,
      0.9209055189703071,
      1.0
    ],
    "isomer": [
      0.0,
      0.32813293360689294,
      0.5829562758635963,
      0.6570381678828063,
      0.7080921639854035,
      0.756832194005736,
      0.801980120409886,
      0.8441756360833697,
      0.8855242776335557,
      0.931966565716765,
      1.0
    ],
    "oasis": [
      0.0,
      0.1246342733502388,
      0.17252832651138306,
      0.19695796072483063,
      0.2150745689868927,
      0.25964558124542236,
      0.312410831451416,
      0.3805776834487915,
      0.48999670147895813,
      0.6631121635437012,
      0.9999999403953552
    ],
    "oasis_projected": [
      0.0,
      0.0998871139955202,
      0.160392794680228,
      0.1894285645584747,
      0.20849765826828356,
      0.2410212827108583,
      0.2874696797163534,
      0.34658115375553256,
      0.46728569963068756,
      0.6815819125725392,
      1.0
    ],
    "oasis_soft_projection": [
      0.0,
      0.10832239663091243,
      0.163455312819417,
      0.19089939752886892,
      0.20952070740696416,
      0.24337167059063558,
      0.29005501193774735,
      0.350591662853098,
      0.470674818365038,
      0.6828407549790106,
      1.0
    ],
    "fresh": [
      0.0,
      0.046372019219659284,
      0.08248377053476244,
      0.11983635959250107,
      0.1604818024186119,
      0.20656707035051208,
      0.2630939794276801,
      0.3392597530677739,
      0.4798425569691939,
      0.6589922399470944,
      1.0
    ],
    "hybrid": [
      0.0,
      0.0998871139955202,
      0.160392794680228,
      0.1894285645584747,
      0.20849765826828356,
      0.2410212827108583,
      0.2874696797163534,
      0.34658115375553256,
      0.46728569963068756,
      0.6815819125725392,
      1.0
    ],
    "aggressive_hybrid": [
      0.0,
      0.0998871139955202,
      0.160392794680228,
      0.1894285645584747,
      0.20849765826828356,
      0.2410212827108583,
      0.2874696797163534,
      0.34658115375553256,
      0.46728569963068756,
      0.6815819125725392,
      1.0
    ],
    "calibrated_hybrid": [
      0.0,
      0.0998871139955202,
      0.160392794680228,
      0.1894285645584747,
      0.20849765826828356,
      0.2410212827108583,
      0.2874696797163534,
      0.34658115375553256,
      0.46728569963068756,
      0.6815819125725392,
      1.0
    ]
  }
}