{
  "hybrid_choice": "oasis_projected",
  "boundaries": {
    "stale": [
      0.0,
      0.04618573680727257,
      0.08250386918481287,
      0.12008566050368465,
      0.16044309370537768,
      0.20656110687079687,
      0.2631206587030396,
      0.339889280442238,
      0.4815286272645288,
      0.6598415047810567,
      1.0
    ],
    "isomer": [
      0.0,
      0.46686573031738055,
      0.5450519845009836,
      0.6116851926719399,
      0.6541859040187261,
      0.7149300570404635,
      0.770426453505182,
      0.8252197960278719,
      0.8735098663700237,
      0.921883171278504,
      1.0
    ],
    "oasis": [
      0.0,
      0.16746117174625397,
      0.43258196115493774,
      0.5573092103004456,
      0.6168026328086853,
      0.6453783512115479,
      0.6730380058288574,
      0.6919068098068237,
      0.7545077800750732,
      0.8641180992126465,
      1.0
    ],
    "oasis_projected": [
      0.0,
      0.4961171701376725,
      0.572610502480855,
      0.6183850280211863,
      0.6611368566277319,
      0.6868691767848775,
      0.7385814245543094,
      0.8239902420171092,
      0.8674641834341746,
      0.920528763185894,
      1.0
    ],
    "oasis_soft_projection": [
      0.0,
      0.4858280972239624,
      0.5739690834304874,
      0.6234449874866141,
      0.6606325947214688,
      0.6852793906139315,
      0.7313630000062529,
      0.8185257217321142,
      0.8638109455773527,
      0.9176674835465242,
      1.0
    ],
    "fresh": [
      0.0,
      0.5219711625267291,
      0.5715598876318352,
      0.6121929845671467,
      0.6596707567597339,
      0.7177787840412639,
      0.774003982733604,
      0.8242776733803152,
      0.8720190259771697,
      0.9208578140646188,
      1.0
    ],
    "hybrid": [
      0.0,
      0.4961171701376725,
      0.572610502480855,
      0.6183850280211863,
      0.6611368566277319,
      0.6868691767848775,
      0.7385814245543094,
      0.8239902420171092,
      0.8674641834341746,
      0.920528763185894,
      1.0
    ],
    "aggressive_hybrid": [
      0.0,
      0.4961171701376725,
      0.572610502480855,
      0.6183850280211863,
      0.6611368566277319,
      0.6868691767848775,
      0.7385814245543094,
      0.8239902420171092,
      0.8674641834341746,
      0.920528763185894,
      1.0
    ],
    "calibrated_hybrid": [
      0.0,
      0.4961171701376725,
      0.572610502480855,
      0.6183850280211863,
      0.6611368566277319,
      0.6868691767848775,
      0.7385814245543094,
      0.8239902420171092,
      0.8674641834341746,
      0.920528763185894,
      1.0
    ]
  }
}