{
  "hybrid_choice": "oasis_projected",
  "boundaries": {
    "stale": [
      0.0,
      0.5215505592168417,
      0.5710650726777264,
      0.6104822078367748,
      0.6575992550503394,
      0.7177968959160896,
      0.774118751594725,
      0.8250402786440153,
      0.872732602721065,
      0.9224710992352334,
      1.0
    ],
    "isomer": [
      0.0,
      0.3257842569459319,
      0.5827081073772711,
      0.6573254150531053,
      0.7103458919110949,
      0.7589223789372344,
      0.8038645384952903,
      0.8459348657321356,
      0.8872599627964302,
      0.93379321727851,
      1.0
    ],
    "oasis": [
      0.0,
      0.12584064900875092,
      0.17411448061466217,
      0.19815599918365479,
      0.21638990938663483,
      0.26232558488845825,
      0.3152932822704315,
      0.3834487497806549,
      0.4916839599609375,
      0.6671121120452881,
      1.0
    ],
    "oasis_projected": [
      0.0,
      0.10048501128405854,
      0.16169420926883815,
      0.19062894353993065,
      0.20966372027876748,
      0.24281755996278373,
      0.28984340628568706,
      0.3492514799128333,
      0.46941819629416737,
      0.6856865332166142,
      1.0
    ],
    "oasis_soft_projection": [
      0.0,
      0.10915557521637478,
      0.16483564028867,
      0.19210147057423213,
      0.21071077401898106,
      0.24527959883369974,
      0.2924796949952234,
      0.3533173823225969,
      0.47280239276417685,
      0.6869601294321259,
      1.0
    ],
    "fresh": [
      0.0,
      0.04615547908359006,
      0.08246151514018003,
      0.120218681418996,
      0.1606892694545778,
      0.20679303076489836,
      0.26320564447404254,
      0.34058407366702004,
      0.48128212033502027,
      0.6606475598474163,
      1.0
    ],
    "hybrid": [
      0.0,
      0.10048501128405854,
      0.16169420926883815,
      0.19062894353993065,
      0.20966372027876748,
      0.24281755996278373,
      0.28984340628568706,
      0.3492514799128333,
      0.46941819629416737,
      0.6856865332166142,
      1.0
    ],
    "aggressive_hybrid": [
      0.0,
      0.10048501128405854,
      0.16169420926883815,
      0.19062894353993065,
      0.20966372027876748,
      0.24281755996278373,
      0.28984340628568706,
      0.3492514799128333,
      0.46941819629416737,
      0.6856865332166142,
      1.0
    ],
    "calibrated_hybrid": [
      0.0,
      0.10048501128405854,
      0.16169420926883815,
      0.19062894353993065,
      0.20966372027876748,
      0.24281755996278373,
      0.28984340628568706,
      0.3492514799128333,
      0.46941819629416737,
      0.6856865332166142,
      1.0
    ]
  }
}