{
  "hybrid_choice": "oasis_projected",
  "boundaries": {
    "stale": [
      0.0,
      0.04627985826399463,
      0.08313840933183174,
      0.12005699818552543,
      0.16022517926918775,
      0.20668148409495463,
      0.26365278694436306,
      0.3407624287416241,
      0.4861144332572319,
      0.6612071869002967,
      1.0
    ],
    "isomer": [
      0.0,
      0.25825484052957615,
      0.3265704305159026,
      0.4669865439020575,
      0.6333698419907169,
      0.7160274903313631,
      0.7697822744512531,
      0.8234976912222428,
      0.8720971017277259,
      0.9207358795821092,
      1.0
    ],
    "oasis": [
      0.0,
      0.16994726657867432,
      0.4287862479686737,
      0.5736909508705139,
      0.6446408033370972,
      0.6797641515731812,
      0.7108295559883118,
      0.7302671670913696,
      0.7986640334129333,
      0.8928747177124023,
      1.0
    ],
    "oasis_projected": [
      0.0,
      0.4241880514945772,
      0.5421184492346202,
      0.620286149920756,
      0.6638235936287817,
      0.7114265203142601,
      0.7350184115253048,
      0.808859497215098,
      0.8632273288670858,
      0.9125432237912007,
      1.0
    ],
    "oasis_soft_projection": [
      0.0,
      0.3667387742319603,
      0.512170932456896,
      0.6109698704087001,
      0.6647083119844085,
      0.7088845133269048,
      0.7296873247816046,
      0.7989418911576208,
      0.8597007984929543,
      0.910497557198208,
      1.0
    ],
    "fresh": [
      0.0,
      0.521189764648318,
      0.5713010290732123,
      0.6115782853643572,
      0.6587187736115946,
      0.7172577095347393,
      0.7732059693818332,
      0.8231265774887258,
      0.8706382502140898,
      0.9203253984996919,
      1.0
    ],
    "hybrid": [
      0.0,
      0.4241880514945772,
      0.5421184492346202,
      0.620286149920756,
      0.6638235936287817,
      0.7114265203142601,
      0.7350184115253048,
      0.808859497215098,
      0.8632273288670858,
      0.9125432237912007,
      1.0
    ],
    "aggressive_hybrid": [
      0.0,
      0.4137081859938361,
      0.5367705704521044,
      0.6179016141665771,
      0.6629363386154894,
      0.7108761852383695,
      0.745071675099162,
      0.8288388081682347,
      0.8694311862638525,
      0.9123743641870458,
      1.0
    ],
    "calibrated_hybrid": [
      0.0,
      0.4241880514945772,
      0.5421184492346202,
      0.620286149920756,
      0.6638235936287817,
      0.7114265203142601,
      0.7350184115253048,
      0.808859497215098,
      0.8632273288670858,
      0.9125432237912007,
      1.0
    ]
  }
}