{
  "hybrid_choice": "isomer",
  "boundaries": {
    "stale": [
      0.0,
      0.5212062694979652,
      0.5712401477915283,
      0.6118478614643919,
      0.6587167731421915,
      0.7170159798156597,
      0.7732351756945919,
      0.8238650404189899,
      0.8714382601157573,
      0.9212358547282592,
      1.0
    ],
    "isomer": [
      0.0,
      0.04617609754294144,
      0.08336461021689814,
      0.12139946794722418,
      0.16194859716096782,
      0.2096062603296112,
      0.26699510818386774,
      0.345289326504552,
      0.4883077838144151,
      0.6637837605379407,
      1.0
    ],
    "oasis": [
      0.0,
      0.12758595320667027,
      0.12816619616660077,
      0.12816619616660077,
      0.12816619616660077,
      0.1545824315531048,
      0.1628398380861633,
      0.212293789742926,
      0.2773661759827597,
      0.4756668806163778,
      1.0
    ],
    "oasis_projected": [
      0.0,
      0.04617563580187635,
      0.08335767219795324,
      0.1277773050834456,
      0.15980962310643215,
      0.20743087367278204,
      0.26570575671170577,
      0.3472542742719491,
      0.4875008551492733,
      0.6655537427120376,
      1.0
    ],
    "fresh": [
      0.0,
      0.046207831237942434,
      0.08334308035482428,
      0.12103187894850563,
      0.16169040194241113,
      0.20853659123879514,
      0.2658087868245315,
      0.3437241931573266,
      0.48763843020688113,
      0.6624582690457288,
      1.0
    ],
    "hybrid": [
      0.0,
      0.04617609754294144,
      0.08336461021689814,
      0.12139946794722418,
      0.16194859716096782,
      0.2096062603296112,
      0.26699510818386774,
      0.345289326504552,
      0.4883077838144151,
      0.6637837605379407,
      1.0
    ],
    "aggressive_hybrid": [
      0.0,
      0.04617609754294144,
      0.08336461021689814,
      0.12139946794722418,
      0.16194859716096782,
      0.2096062603296112,
      0.26699510818386774,
      0.345289326504552,
      0.4883077838144151,
      0.6637837605379407,
      1.0
    ]
  }
}