{
  "hybrid_choice": "isomer",
  "boundaries": {
    "stale": [
      0.0,
      0.5216250634381033,
      0.5713572733713465,
      0.6118916257364482,
      0.65904635510691,
      0.7187847282313116,
      0.7748821203634029,
      0.8248988632213465,
      0.8723884541501874,
      0.9220766037982971,
      1.0
    ],
    "isomer": [
      0.0,
      0.04613567865983286,
      0.0825383719715583,
      0.1201829531345522,
      0.16089248295789105,
      0.2082579025707017,
      0.2647879523407627,
      0.34133097147951447,
      0.48300866017173527,
      0.661580291680323,
      1.0
    ],
    "oasis": [
      0.0,
      0.12742878959022244,
      0.12742878959022244,
      0.12742878959022244,
      0.12742878959022244,
      0.15472471945056254,
      0.1622032506481913,
      0.2108872168793009,
      0.27593243329316475,
      0.47462167045458525,
      1.0
    ],
    "oasis_projected": [
      0.0,
      0.046135220202167024,
      0.0825313733830889,
      0.12964328985946788,
      0.15982729734841636,
      0.2059903770208667,
      0.2637095879144269,
      0.3439248910889146,
      0.4822349942369935,
      0.6638588900923517,
      1.0
    ],
    "fresh": [
      0.0,
      0.046210899732818986,
      0.0826772837103902,
      0.11991863987523714,
      0.16045025017141415,
      0.20701170911982378,
      0.2637715701412526,
      0.34011616382250004,
      0.4823940252703431,
      0.6605299948437998,
      1.0
    ],
    "hybrid": [
      0.0,
      0.04613567865983286,
      0.0825383719715583,
      0.1201829531345522,
      0.16089248295789105,
      0.2082579025707017,
      0.2647879523407627,
      0.34133097147951447,
      0.48300866017173527,
      0.661580291680323,
      1.0
    ],
    "aggressive_hybrid": [
      0.0,
      0.04613567865983286,
      0.0825383719715583,
      0.1201829531345522,
      0.16089248295789105,
      0.2082579025707017,
      0.2647879523407627,
      0.34133097147951447,
      0.48300866017173527,
      0.661580291680323,
      1.0
    ]
  }
}