{
  "hybrid_choice": "isomer",
  "boundaries": {
    "stale": [
      0.0,
      0.19156591040928786,
      0.22366666478781153,
      0.25062534310328394,
      0.2803215307246574,
      0.33716985915856185,
      0.7170067504608598,
      0.7593280044795476,
      0.7935112644450141,
      0.8330184911261876,
      1.0
    ],
    "isomer": [
      0.0,
      0.32145101997771036,
      0.3711771271196367,
      0.40410658446283126,
      0.43415564016398006,
      0.46667618228670016,
      0.5046877974592142,
      0.5644486001892635,
      0.6816668015372388,
      0.8044344024413191,
      1.0
    ],
    "oasis": [
      0.0,
      0.2911002039909363,
      0.33951711654663086,
      0.35688647627830505,
      0.36489570140838623,
      0.37266087532043457,
      0.4119742214679718,
      0.4229353666305542,
      0.44118937849998474,
      0.49456092715263367,
      1.0
    ],
    "oasis_projected": [
      0.0,
      0.3286043084462235,
      0.36813954117430087,
      0.4111279381869744,
      0.4340359469007954,
      0.46453990445438603,
      0.4915221110743574,
      0.5667966384862588,
      0.6813629998608669,
      0.8068807464952334,
      1.0
    ],
    "oasis_soft_projection": [
      0.0,
      0.3409417079402855,
      0.3662028280330124,
      0.41223755834198533,
      0.43002729541387225,
      0.45772084859331386,
      0.48616829752061164,
      0.5753030750959719,
      0.6863934544215037,
      0.8178048613798812,
      1.0
    ],
    "fresh": [
      0.0,
      0.32911834784992283,
      0.37165304511968816,
      0.40419443957466744,
      0.4342076247683555,
      0.46562582742125547,
      0.5039223234331365,
      0.5631832386370529,
      0.6814131454571227,
      0.803408549828772,
      1.0
    ],
    "hybrid": [
      0.0,
      0.32145101997771036,
      0.3711771271196367,
      0.40410658446283126,
      0.43415564016398006,
      0.46667618228670016,
      0.5046877974592142,
      0.5644486001892635,
      0.6816668015372388,
      0.8044344024413191,
      1.0
    ],
    "aggressive_hybrid": [
      0.0,
      0.32145101997771036,
      0.3711771271196367,
      0.40410658446283126,
      0.43415564016398006,
      0.46667618228670016,
      0.5046877974592142,
      0.5644486001892635,
      0.6816668015372388,
      0.8044344024413191,
      1.0
    ],
    "calibrated_hybrid": [
      0.0,
      0.32145101997771036,
      0.3711771271196367,
      0.40410658446283126,
      0.43415564016398006,
      0.46667618228670016,
      0.5046877974592142,
      0.5644486001892635,
      0.6816668015372388,
      0.8044344024413191,
      1.0
    ]
  }
}