{
  "hybrid_choice": "isomer",
  "boundaries": {
    "stale": [
      0.0,
      0.5207401456492823,
      0.5705472143536154,
      0.6109823432316164,
      0.6580122816319878,
      0.7169791771220817,
      0.7733710674717275,
      0.824137801643739,
      0.871358257217823,
      0.9214369903549093,
      1.0
    ],
    "isomer": [
      0.0,
      0.04675236699157187,
      0.08403603899568815,
      0.12176270242812506,
      0.16217280223946573,
      0.21000597932915457,
      0.26672434260152655,
      0.3441507423864057,
      0.4845255887271496,
      0.6641108037202759,
      1.0
    ],
    "oasis": [
      0.0,
      0.09131783992052078,
      0.11654182523488998,
      0.13807496428489685,
      0.15353256464004517,
      0.18313099443912506,
      0.22785817086696625,
      0.31347203254699707,
      0.493017315864563,
      0.7536530494689941,
      0.9999999403953552
    ],
    "oasis_projected": [
      0.0,
      0.046751592754978824,
      0.08420656136170088,
      0.12265438452358617,
      0.15932190219486703,
      0.20672075574942414,
      0.2629031904240341,
      0.3469703727739639,
      0.48380806899716644,
      0.6664707927813627,
      1.0
    ],
    "oasis_soft_projection": [
      0.0,
      0.046801492771818845,
      0.0884354033661581,
      0.12761776964157415,
      0.1595543736827513,
      0.20204945177106143,
      0.25761005250464564,
      0.3508668011134653,
      0.4854762039918801,
      0.6752787003110828,
      1.0
    ],
    "fresh": [
      0.0,
      0.04668616736597812,
      0.08396830553119448,
      0.12128087219693441,
      0.16181337525598843,
      0.20864445004572416,
      0.2655214316531732,
      0.34292931321218617,
      0.4838854816988521,
      0.6630520658161736,
      1.0
    ],
    "hybrid": [
      0.0,
      0.04675236699157187,
      0.08403603899568815,
      0.12176270242812506,
      0.16217280223946573,
      0.21000597932915457,
      0.26672434260152655,
      0.3441507423864057,
      0.4845255887271496,
      0.6641108037202759,
      1.0
    ],
    "aggressive_hybrid": [
      0.0,
      0.04675236699157187,
      0.08403603899568815,
      0.12176270242812506,
      0.16217280223946573,
      0.21000597932915457,
      0.26672434260152655,
      0.3441507423864057,
      0.4845255887271496,
      0.6641108037202759,
      1.0
    ],
    "calibrated_hybrid": [
      0.0,
      0.04675236699157187,
      0.08403603899568815,
      0.12176270242812506,
      0.16217280223946573,
      0.21000597932915457,
      0.26672434260152655,
      0.3441507423864057,
      0.4845255887271496,
      0.6641108037202759,
      1.0
    ]
  }
}