{
  "hybrid_choice": "oasis_projected",
  "boundaries": {
    "stale": [
      0.0,
      0.04646819916409655,
      0.08338156815970488,
      0.12057401444043103,
      0.16027747091861877,
      0.2065519034382819,
      0.2634864893457872,
      0.34115453237080434,
      0.482486612319676,
      0.6609505302890052,
      1.0
    ],
    "isomer": [
      0.0,
      0.2580254391474182,
      0.3266655965341982,
      0.4643355391131303,
      0.6335738604582233,
      0.7172976449365304,
      0.7710532106689144,
      0.8247427495111107,
      0.8730936044994876,
      0.9215104863780522,
      1.0
    ],
    "oasis": [
      0.0,
      0.17028075456619263,
      0.42935070395469666,
      0.5752886533737183,
      0.6453959345817566,
      0.6803839802742004,
      0.7114966511726379,
      0.7311062812805176,
      0.7977109551429749,
      0.8934488892555237,
      1.0000001192092896
    ],
    "oasis_projected": [
      0.0,
      0.4240059436012748,
      0.541899113618392,
      0.6209036703634537,
      0.6645469259484289,
      0.7124415373561627,
      0.7370620798720624,
      0.8102196385686089,
      0.8645490044082793,
      0.91354913707716,
      1.0
    ],
    "oasis_soft_projection": [
      0.0,
      0.36723041342199947,
      0.5122642637029577,
      0.6117632935311914,
      0.6654705306316547,
      0.7100173922451697,
      0.7308516998442455,
      0.7997770069969019,
      0.8608907673706467,
      0.9114487530854835,
      1.0
    ],
    "fresh": [
      0.0,
      0.5210510331728553,
      0.57090292508829,
      0.61171146976429,
      0.6592580398962499,
      0.718451904915361,
      0.7742242451620203,
      0.8241520691317125,
      0.8716841663402434,
      0.9208537791084661,
      1.0
    ],
    "hybrid": [
      0.0,
      0.4240059436012748,
      0.541899113618392,
      0.6209036703634537,
      0.6645469259484289,
      0.7124415373561627,
      0.7370620798720624,
      0.8102196385686089,
      0.8645490044082793,
      0.91354913707716,
      1.0
    ],
    "aggressive_hybrid": [
      0.0,
      0.4136317806735825,
      0.5365919680936276,
      0.6185347149895134,
      0.6636532354122838,
      0.7118810678346666,
      0.7469264568194861,
      0.8301265600633937,
      0.8707178684140622,
      0.9133264395606796,
      1.0000001192092896
    ],
    "calibrated_hybrid": [
      0.0,
      0.4240059436012748,
      0.541899113618392,
      0.6209036703634537,
      0.6645469259484289,
      0.7124415373561627,
      0.7370620798720624,
      0.8102196385686089,
      0.8645490044082793,
      0.91354913707716,
      1.0
    ]
  }
}