{
  "hybrid_choice": "oasis_projected",
  "boundaries": {
    "stale": [
      0.0,
      0.04636386176767939,
      0.08327973231200252,
      0.120358322828919,
      0.16039200134606252,
      0.2067466873344434,
      0.2641522598010552,
      0.34253607337321657,
      0.48240565352801146,
      0.6603543701605677,
      1.0
    ],
    "isomer": [
      0.0,
      0.31351969897082316,
      0.5246049978108136,
      0.607791328468143,
      0.6426752357176744,
      0.6931926283213226,
      0.7597745451411696,
      0.8257535399843794,
      0.8727198584465217,
      0.923223004663865,
      1.0
    ],
    "oasis": [
      0.0,
      0.15668247640132904,
      0.42888742685317993,
      0.5421101450920105,
      0.5971139669418335,
      0.627717912197113,
      0.6581926345825195,
      0.6770029664039612,
      0.7333718538284302,
      0.843255877494812,
      1.0
    ],
    "oasis_projected": [
      0.0,
      0.46541061468176276,
      0.5675452771072682,
      0.6129194132618456,
      0.6444794270356291,
      0.6691698953046321,
      0.711790380817594,
      0.8048734979408697,
      0.8652924238875367,
      0.9148930868807074,
      1.0
    ],
    "oasis_soft_projection": [
      0.0,
      0.44071161062934006,
      0.5634445435739212,
      0.6112268306143388,
      0.6421009387553744,
      0.6672740060048925,
      0.7048270383806112,
      0.7888003725733023,
      0.858243703451473,
      0.9129672722681892,
      1.0
    ],
    "fresh": [
      0.0,
      0.5218020308312559,
      0.5715305192265684,
      0.6119618975997023,
      0.6592509061763617,
      0.7179645669292761,
      0.7736150950982297,
      0.8243099426468835,
      0.8715262600031339,
      0.9208631206091349,
      1.0
    ],
    "hybrid": [
      0.0,
      0.46541061468176276,
      0.5675452771072682,
      0.6129194132618456,
      0.6444794270356291,
      0.6691698953046321,
      0.711790380817594,
      0.8048734979408697,
      0.8652924238875367,
      0.9148930868807074,
      1.0
    ],
    "aggressive_hybrid": [
      0.0,
      0.4569385527381182,
      0.5629955097177589,
      0.6121213818381053,
      0.6457982654310109,
      0.6712884848333298,
      0.7220484812123015,
      0.8266586179570472,
      0.8692103504159301,
      0.9122942229058107,
      1.0
    ],
    "calibrated_hybrid": [
      0.0,
      0.46541061468176276,
      0.5675452771072682,
      0.6129194132618456,
      0.6444794270356291,
      0.6691698953046321,
      0.711790380817594,
      0.8048734979408697,
      0.8652924238875367,
      0.9148930868807074,
      1.0
    ]
  }
}