{
  "hybrid_choice": "oasis_projected",
  "boundaries": {
    "stale": [
      0.0,
      0.5216607377687994,
      0.5714344143180449,
      0.6117035039116847,
      0.658245013250249,
      0.7173516552972332,
      0.7741279219274998,
      0.8245454626232936,
      0.8720091865230618,
      0.9212644215710489,
      1.0
    ],
    "isomer": [
      0.0,
      0.04629108209764874,
      0.08381950520186954,
      0.1211932844104198,
      0.16167309765957416,
      0.21710769290991883,
      0.27624925322422433,
      0.47318333531004797,
      0.5957826822146747,
      0.6756397814109167,
      1.0
    ],
    "oasis": [
      0.0,
      0.08186252415180206,
      0.1062905415892601,
      0.12640930712223053,
      0.14106018841266632,
      0.17045964300632477,
      0.21448491513729095,
      0.2994247376918793,
      0.4786657989025116,
      0.727358341217041,
      0.9999999403953552
    ],
    "oasis_projected": [
      0.0,
      0.05254149370201949,
      0.09199330299649129,
      0.12289716777080348,
      0.16238972746849642,
      0.1988246435654474,
      0.2538654750310416,
      0.3404671724332315,
      0.4747450574432499,
      0.6599369574314997,
      1.0
    ],
    "oasis_soft_projection": [
      0.0,
      0.05562096396905685,
      0.09364724412187872,
      0.12680710687612587,
      0.16140622348727562,
      0.19698215188306434,
      0.25075128712246403,
      0.341929598108803,
      0.4761911329897379,
      0.6614973998831274,
      1.0
    ],
    "fresh": [
      0.0,
      0.04647763396440298,
      0.08308836674717282,
      0.12086619374582372,
      0.16117408593730304,
      0.20707482422896506,
      0.26331150914010354,
      0.34103954238152323,
      0.48191334149200754,
      0.6611349503425754,
      1.0
    ],
    "hybrid": [
      0.0,
      0.05254149370201949,
      0.09199330299649129,
      0.12289716777080348,
      0.16238972746849642,
      0.1988246435654474,
      0.2538654750310416,
      0.3404671724332315,
      0.4747450574432499,
      0.6599369574314997,
      1.0
    ],
    "aggressive_hybrid": [
      0.0,
      0.05254149370201949,
      0.09199330299649129,
      0.12289716777080348,
      0.16238972746849642,
      0.1988246435654474,
      0.2538654750310416,
      0.3404671724332315,
      0.4747450574432499,
      0.6599369574314997,
      1.0
    ],
    "calibrated_hybrid": [
      0.0,
      0.05254149370201949,
      0.09199330299649129,
      0.12289716777080348,
      0.16238972746849642,
      0.1988246435654474,
      0.2538654750310416,
      0.3404671724332315,
      0.4747450574432499,
      0.6599369574314997,
      1.0
    ]
  }
}