{
  "hybrid_choice": "isomer",
  "boundaries": {
    "stale": [
      0.0,
      0.19156591040928786,
      0.22366666478781153,
      0.25062534310328394,
      0.2803215307246574,
      0.33716985915856185,
      0.7170067504608598,
      0.7593280044795476,
      0.7935112644450141,
      0.8330184911261876,
      1.0
    ],
    "isomer": [
      0.0,
      0.32145101997771036,
      0.3711771271196367,
      0.40410658446283126,
      0.43415564016398006,
      0.46667618228670016,
      0.5046877974592142,
      0.5644486001892635,
      0.6816668015372388,
      0.8044344024413191,
      1.0
    ],
    "oasis": [
      0.0,
      0.25484672575781314,
      0.3739735784507142,
      0.4535044865398389,
      0.5489844566008053,
      0.5489844566008053,
      0.6472031386953468,
      0.6795170094376932,
      0.685991194681685,
      0.701614252322718,
      1.0
    ],
    "oasis_projected": [
      0.0,
      0.3245170437220448,
      0.3711904385872785,
      0.40410867145278206,
      0.4341474677288042,
      0.4666434782201861,
      0.5043938888571958,
      0.5765928848304918,
      0.6814165681492224,
      0.8101923533708268,
      1.0
    ],
    "fresh": [
      0.0,
      0.32911834784992283,
      0.37165304511968816,
      0.40419443957466744,
      0.4342076247683555,
      0.46562582742125547,
      0.5039223234331365,
      0.5631832386370529,
      0.6814131454571227,
      0.803408549828772,
      1.0
    ],
    "hybrid": [
      0.0,
      0.32145101997771036,
      0.3711771271196367,
      0.40410658446283126,
      0.43415564016398006,
      0.46667618228670016,
      0.5046877974592142,
      0.5644486001892635,
      0.6816668015372388,
      0.8044344024413191,
      1.0
    ],
    "aggressive_hybrid": [
      0.0,
      0.32145101997771036,
      0.3711771271196367,
      0.40410658446283126,
      0.43415564016398006,
      0.46667618228670016,
      0.5046877974592142,
      0.5644486001892635,
      0.6816668015372388,
      0.8044344024413191,
      1.0
    ]
  }
}