{
  "hybrid_choice": "isomer",
  "boundaries": {
    "stale": [
      0.0,
      0.1919423001518592,
      0.22346915315705276,
      0.2500909612531388,
      0.2801899813137827,
      0.33624068517569256,
      0.7169168041806864,
      0.7590528380356949,
      0.7934678643027271,
      0.8322281434744253,
      1.0
    ],
    "isomer": [
      0.0,
      0.32025809828194846,
      0.370973688383936,
      0.40386568236106146,
      0.43425336252960905,
      0.4663813954396665,
      0.5044326476986695,
      0.5644213479039784,
      0.6825448786921647,
      0.8051738283480235,
      1.0
    ],
    "oasis": [
      0.0,
      0.2914164662361145,
      0.33899274468421936,
      0.3561950922012329,
      0.3643375635147095,
      0.3720105290412903,
      0.41143858432769775,
      0.42236876487731934,
      0.44078510999679565,
      0.49305659532546997,
      1.0
    ],
    "oasis_projected": [
      0.0,
      0.32814405822988146,
      0.3677234876182542,
      0.4110682151520458,
      0.43420522000630146,
      0.46416761412190943,
      0.4904915778967934,
      0.5668493012704963,
      0.682199424835904,
      0.8077916859368701,
      1.0
    ],
    "oasis_soft_projection": [
      0.0,
      0.3405812041585309,
      0.3657910882506847,
      0.4119253211823265,
      0.43012170624057694,
      0.4577686692070455,
      0.4853893544420884,
      0.5756404687692132,
      0.687244467285766,
      0.8189874528180154,
      1.0
    ],
    "fresh": [
      0.0,
      0.32894205942560845,
      0.3714821726859599,
      0.40405185051557274,
      0.4342727465525151,
      0.4654581685568909,
      0.503451285869895,
      0.5627243946779047,
      0.6822490272314865,
      0.8038410023476595,
      1.0
    ],
    "hybrid": [
      0.0,
      0.32025809828194846,
      0.370973688383936,
      0.40386568236106146,
      0.43425336252960905,
      0.4663813954396665,
      0.5044326476986695,
      0.5644213479039784,
      0.6825448786921647,
      0.8051738283480235,
      1.0
    ],
    "aggressive_hybrid": [
      0.0,
      0.32025809828194846,
      0.370973688383936,
      0.40386568236106146,
      0.43425336252960905,
      0.4663813954396665,
      0.5044326476986695,
      0.5644213479039784,
      0.6825448786921647,
      0.8051738283480235,
      1.0
    ],
    "calibrated_hybrid": [
      0.0,
      0.32025809828194846,
      0.370973688383936,
      0.40386568236106146,
      0.43425336252960905,
      0.4663813954396665,
      0.5044326476986695,
      0.5644213479039784,
      0.6825448786921647,
      0.8051738283480235,
      1.0
    ]
  }
}