{
  "hybrid_choice": "oasis_projected",
  "boundaries": {
    "stale": [
      0.0,
      0.5212796113757183,
      0.5700105341529139,
      0.6108913584199853,
      0.6572078919816757,
      0.7159887465637949,
      0.7719889147167797,
      0.8234196183224014,
      0.8713013510021211,
      0.9206686997788787,
      1.0
    ],
    "isomer": [
      0.0,
      0.04546592651583909,
      0.08264796227755636,
      0.11999790867857588,
      0.15992056827217122,
      0.21514064398469662,
      0.27454236152227757,
      0.4737254062247709,
      0.5944571017449963,
      0.6740809174393714,
      1.0
    ],
    "oasis": [
      0.0,
      0.0813528522849083,
      0.10513520985841751,
      0.12547269463539124,
      0.1400417685508728,
      0.16920757293701172,
      0.21251070499420166,
      0.2987552583217621,
      0.47867000102996826,
      0.7270853519439697,
      1.0
    ],
    "oasis_projected": [
      0.0,
      0.05163136774147069,
      0.09120400579574857,
      0.12171684905485153,
      0.1606422755390325,
      0.19648457244341155,
      0.2517583343289037,
      0.3394516116706636,
      0.4744056555132219,
      0.6590589220144132,
      1.0
    ],
    "oasis_soft_projection": [
      0.0,
      0.05487163319818424,
      0.09281025749551618,
      0.12562525384262418,
      0.15975255702757407,
      0.19474436965787778,
      0.24870840382428108,
      0.3411000802144159,
      0.4758150448728099,
      0.6606631581070086,
      1.0
    ],
    "fresh": [
      0.0,
      0.045914302710722214,
      0.08282416510258202,
      0.120038574718059,
      0.1597714000409735,
      0.20491455373488832,
      0.2618840131041197,
      0.33931859344748827,
      0.48300526023370827,
      0.6589347365022781,
      1.0
    ],
    "hybrid": [
      0.0,
      0.05163136774147069,
      0.09120400579574857,
      0.12171684905485153,
      0.1606422755390325,
      0.19648457244341155,
      0.2517583343289037,
      0.3394516116706636,
      0.4744056555132219,
      0.6590589220144132,
      1.0
    ],
    "aggressive_hybrid": [
      0.0,
      0.05163136774147069,
      0.09120400579574857,
      0.12171684905485153,
      0.1606422755390325,
      0.19648457244341155,
      0.2517583343289037,
      0.3394516116706636,
      0.4744056555132219,
      0.6590589220144132,
      1.0
    ],
    "calibrated_hybrid": [
      0.0,
      0.05163136774147069,
      0.09120400579574857,
      0.12171684905485153,
      0.1606422755390325,
      0.19648457244341155,
      0.2517583343289037,
      0.3394516116706636,
      0.4744056555132219,
      0.6590589220144132,
      1.0
    ]
  }
}