{
  "hybrid_choice": "oasis_projected",
  "boundaries": {
    "stale": [
      0.0,
      0.5207401456492823,
      0.5705472143536154,
      0.6109823432316164,
      0.6580122816319878,
      0.7169791771220817,
      0.7733710674717275,
      0.824137801643739,
      0.871358257217823,
      0.9214369903549093,
      1.0
    ],
    "isomer": [
      0.0,
      0.04531745010319425,
      0.08361139304698886,
      0.1231817930288138,
      0.16275219301063876,
      0.25042497080750575,
      0.5599995342022595,
      0.6345768970642623,
      0.6833224234886681,
      0.714067667602183,
      1.0
    ],
    "oasis": [
      0.0,
      0.07756481319665909,
      0.10196429491043091,
      0.12279010564088821,
      0.13917802274227142,
      0.17089515924453735,
      0.21801111102104187,
      0.297235369682312,
      0.4681435823440552,
      0.7276297807693481,
      1.0
    ],
    "oasis_projected": [
      0.0,
      0.05138309156052577,
      0.09026250131571528,
      0.12435673448183178,
      0.16045340384402706,
      0.20556415166052777,
      0.25266362833456185,
      0.32098696318394826,
      0.4465206697050232,
      0.6278232711642675,
      1.0
    ],
    "oasis_soft_projection": [
      0.0,
      0.057217996684860745,
      0.0961180427105158,
      0.12588657728825242,
      0.158763433927546,
      0.20374125207633928,
      0.2543801500300627,
      0.335005347437048,
      0.4621631731603587,
      0.6518233326713228,
      1.0
    ],
    "fresh": [
      0.0,
      0.04668616736597812,
      0.08396830553119448,
      0.12128087219693441,
      0.16181337525598843,
      0.20864445004572416,
      0.2655214316531732,
      0.34292931321218617,
      0.4838854816988521,
      0.6630520658161736,
      1.0
    ],
    "hybrid": [
      0.0,
      0.05138309156052577,
      0.09026250131571528,
      0.12435673448183178,
      0.16045340384402706,
      0.20556415166052777,
      0.25266362833456185,
      0.32098696318394826,
      0.4465206697050232,
      0.6278232711642675,
      1.0
    ],
    "aggressive_hybrid": [
      0.0,
      0.05138309156052577,
      0.09026250131571528,
      0.12435673448183178,
      0.16045340384402706,
      0.20556415166052777,
      0.25266362833456185,
      0.32098696318394826,
      0.4465206697050232,
      0.6278232711642675,
      1.0
    ],
    "calibrated_hybrid": [
      0.0,
      0.05138309156052577,
      0.09026250131571528,
      0.12435673448183178,
      0.16045340384402706,
      0.20556415166052777,
      0.25266362833456185,
      0.32098696318394826,
      0.4465206697050232,
      0.6278232711642675,
      1.0
    ]
  }
}