{
  "hybrid_choice": "oasis_projected",
  "boundaries": {
    "stale": [
      0.0,
      0.04646819916409655,
      0.08338156815970488,
      0.12057401444043103,
      0.16027747091861877,
      0.2065519034382819,
      0.2634864893457872,
      0.34115453237080434,
      0.482486612319676,
      0.6609505302890052,
      1.0
    ],
    "isomer": [
      0.0,
      0.46615218407438364,
      0.544494637284807,
      0.6112878929865241,
      0.6546269318403805,
      0.7149942422197929,
      0.770429476218768,
      0.825125682453176,
      0.8734765374415528,
      0.9219071362290849,
      1.0
    ],
    "oasis": [
      0.0,
      0.16792362928390503,
      0.4362335503101349,
      0.5592575073242188,
      0.6176541447639465,
      0.6463022828102112,
      0.6740701198577881,
      0.6929970383644104,
      0.7549614906311035,
      0.8642467260360718,
      1.0
    ],
    "oasis_projected": [
      0.0,
      0.49629364363438055,
      0.5728058560820803,
      0.6184812318239786,
      0.6612718133875638,
      0.6874234821297809,
      0.7383451434855326,
      0.8238816284824109,
      0.8673353078538376,
      0.920541470702514,
      1.0
    ],
    "oasis_soft_projection": [
      0.0,
      0.48633289494472576,
      0.5742149214885068,
      0.6235248719132911,
      0.6607746984382117,
      0.6858318183139913,
      0.7310679883977944,
      0.8183306789417536,
      0.8636596736712857,
      0.9175892891296672,
      1.0
    ],
    "fresh": [
      0.0,
      0.5210510331728553,
      0.57090292508829,
      0.61171146976429,
      0.6592580398962499,
      0.718451904915361,
      0.7742242451620203,
      0.8241520691317125,
      0.8716841663402434,
      0.9208537791084661,
      1.0
    ],
    "hybrid": [
      0.0,
      0.49629364363438055,
      0.5728058560820803,
      0.6184812318239786,
      0.6612718133875638,
      0.6874234821297809,
      0.7383451434855326,
      0.8238816284824109,
      0.8673353078538376,
      0.920541470702514,
      1.0
    ],
    "aggressive_hybrid": [
      0.0,
      0.49629364363438055,
      0.5728058560820803,
      0.6184812318239786,
      0.6612718133875638,
      0.6874234821297809,
      0.7383451434855326,
      0.8238816284824109,
      0.8673353078538376,
      0.920541470702514,
      1.0
    ],
    "calibrated_hybrid": [
      0.0,
      0.49629364363438055,
      0.5728058560820803,
      0.6184812318239786,
      0.6612718133875638,
      0.6874234821297809,
      0.7383451434855326,
      0.8238816284824109,
      0.8673353078538376,
      0.920541470702514,
      1.0
    ]
  }
}