{
  "hybrid_choice": "isomer",
  "boundaries": {
    "stale": [
      0.0,
      0.1920676470339038,
      0.22365562990822538,
      0.2508362741006278,
      0.28052018823728236,
      0.3375055869793421,
      0.7172083105201855,
      0.7589307052191473,
      0.7936818815711464,
      0.8329029306452564,
      1.0
    ],
    "isomer": [
      0.0,
      0.32130432623810057,
      0.3710567292549746,
      0.40415729674778833,
      0.43427690627855275,
      0.46675795205660464,
      0.5049581432727024,
      0.5647556797479208,
      0.6817947312628287,
      0.8042626299062112,
      1.0
    ],
    "oasis": [
      0.0,
      0.29231885075569153,
      0.34004801511764526,
      0.35755592584609985,
      0.3655451834201813,
      0.37331780791282654,
      0.41258475184440613,
      0.4233877658843994,
      0.4419422149658203,
      0.4948054552078247,
      1.0
    ],
    "oasis_projected": [
      0.0,
      0.3284930253355679,
      0.36841389284938425,
      0.410989494847905,
      0.4340599540391395,
      0.46458669015738285,
      0.4914930970303034,
      0.5668951201834528,
      0.6814521083050259,
      0.8065804484099557,
      1.0
    ],
    "oasis_soft_projection": [
      0.0,
      0.3408982758852711,
      0.36641462075086456,
      0.41258175590216756,
      0.4300464469659591,
      0.45725101544293223,
      0.48597678464023886,
      0.575212182094842,
      0.6863361820051067,
      0.8174591059766863,
      1.0
    ],
    "fresh": [
      0.0,
      0.32876117987594844,
      0.3714492844691183,
      0.40421613031182957,
      0.43419648236981323,
      0.46579693422869073,
      0.5041287021653597,
      0.5632352927105326,
      0.6815042440626317,
      0.8030079029526719,
      1.0
    ],
    "hybrid": [
      0.0,
      0.32130432623810057,
      0.3710567292549746,
      0.40415729674778833,
      0.43427690627855275,
      0.46675795205660464,
      0.5049581432727024,
      0.5647556797479208,
      0.6817947312628287,
      0.8042626299062112,
      1.0
    ],
    "aggressive_hybrid": [
      0.0,
      0.32130432623810057,
      0.3710567292549746,
      0.40415729674778833,
      0.43427690627855275,
      0.46675795205660464,
      0.5049581432727024,
      0.5647556797479208,
      0.6817947312628287,
      0.8042626299062112,
      1.0
    ],
    "calibrated_hybrid": [
      0.0,
      0.32130432623810057,
      0.3710567292549746,
      0.40415729674778833,
      0.43427690627855275,
      0.46675795205660464,
      0.5049581432727024,
      0.5647556797479208,
      0.6817947312628287,
      0.8042626299062112,
      1.0
    ]
  }
}