{
  "hybrid_choice": "isomer",
  "boundaries": {
    "stale": [
      0.0,
      0.5212062694979652,
      0.5712401477915283,
      0.6118478614643919,
      0.6587167731421915,
      0.7170159798156597,
      0.7732351756945919,
      0.8238650404189899,
      0.8714382601157573,
      0.9212358547282592,
      1.0
    ],
    "isomer": [
      0.0,
      0.04617609754294144,
      0.08336461021689814,
      0.12139946794722418,
      0.16194859716096782,
      0.2096062603296112,
      0.26699510818386774,
      0.345289326504552,
      0.4883077838144151,
      0.6637837605379407,
      1.0
    ],
    "oasis": [
      0.0,
      0.09115716814994812,
      0.11644411832094193,
      0.13805684447288513,
      0.15348611772060394,
      0.1828167736530304,
      0.22751055657863617,
      0.3129887580871582,
      0.49406370520591736,
      0.7531227469444275,
      1.0
    ],
    "oasis_projected": [
      0.0,
      0.04617517269433182,
      0.0833575501554889,
      0.1223442038890373,
      0.15915077677048048,
      0.20636911846191638,
      0.2630797944695799,
      0.34804177302839717,
      0.4875559858429047,
      0.6660368862296335,
      1.0
    ],
    "oasis_soft_projection": [
      0.0,
      0.046159593350106706,
      0.0874093850053646,
      0.127497650543014,
      0.15942781262026381,
      0.20169082194103297,
      0.25779500330863253,
      0.35229659977091543,
      0.4884082864676624,
      0.6754275713102347,
      1.0
    ],
    "fresh": [
      0.0,
      0.046207831237942434,
      0.08334308035482428,
      0.12103187894850563,
      0.16169040194241113,
      0.20853659123879514,
      0.2658087868245315,
      0.3437241931573266,
      0.48763843020688113,
      0.6624582690457288,
      1.0
    ],
    "hybrid": [
      0.0,
      0.04617609754294144,
      0.08336461021689814,
      0.12139946794722418,
      0.16194859716096782,
      0.2096062603296112,
      0.26699510818386774,
      0.345289326504552,
      0.4883077838144151,
      0.6637837605379407,
      1.0
    ],
    "aggressive_hybrid": [
      0.0,
      0.04617609754294144,
      0.08336461021689814,
      0.12139946794722418,
      0.16194859716096782,
      0.2096062603296112,
      0.26699510818386774,
      0.345289326504552,
      0.4883077838144151,
      0.6637837605379407,
      1.0
    ],
    "calibrated_hybrid": [
      0.0,
      0.04617609754294144,
      0.08336461021689814,
      0.12139946794722418,
      0.16194859716096782,
      0.2096062603296112,
      0.26699510818386774,
      0.345289326504552,
      0.4883077838144151,
      0.6637837605379407,
      1.0
    ]
  }
}