{
  "hybrid_choice": "oasis_projected",
  "boundaries": {
    "stale": [
      0.0,
      0.5216607377687994,
      0.5714344143180449,
      0.6117035039116847,
      0.658245013250249,
      0.7173516552972332,
      0.7741279219274998,
      0.8245454626232936,
      0.8720091865230618,
      0.9212644215710489,
      1.0
    ],
    "isomer": [
      0.0,
      0.32416979354666825,
      0.5829957470216423,
      0.6575315339239491,
      0.7097465758633301,
      0.7585775134739293,
      0.8034148970064082,
      0.8452238150352847,
      0.8863150890070809,
      0.9326985717271695,
      1.0
    ],
    "oasis": [
      0.0,
      0.12576347589492798,
      0.17414596676826477,
      0.19858525693416595,
      0.21659177541732788,
      0.26196637749671936,
      0.3156975209712982,
      0.3834612965583801,
      0.49144434928894043,
      0.6644613742828369,
      0.9999999403953552
    ],
    "oasis_projected": [
      0.0,
      0.09987641056178546,
      0.1614156082943764,
      0.19075493411900818,
      0.20979109564053336,
      0.24223030426085135,
      0.28924898771642404,
      0.34820735507040723,
      0.46802837956510684,
      0.6836809646750532,
      1.0
    ],
    "oasis_soft_projection": [
      0.0,
      0.10866271553828788,
      0.16461014554179743,
      0.1922748066637219,
      0.21084182484607958,
      0.2447039328552366,
      0.2919720124644971,
      0.35238337478410875,
      0.47153177744937774,
      0.6849684275656012,
      1.0
    ],
    "fresh": [
      0.0,
      0.04647763396440298,
      0.08308836674717282,
      0.12086619374582372,
      0.16117408593730304,
      0.20707482422896506,
      0.26331150914010354,
      0.34103954238152323,
      0.48191334149200754,
      0.6611349503425754,
      1.0
    ],
    "hybrid": [
      0.0,
      0.09987641056178546,
      0.1614156082943764,
      0.19075493411900818,
      0.20979109564053336,
      0.24223030426085135,
      0.28924898771642404,
      0.34820735507040723,
      0.46802837956510684,
      0.6836809646750532,
      1.0
    ],
    "aggressive_hybrid": [
      0.0,
      0.09987641056178546,
      0.1614156082943764,
      0.19075493411900818,
      0.20979109564053336,
      0.24223030426085135,
      0.28924898771642404,
      0.34820735507040723,
      0.46802837956510684,
      0.6836809646750532,
      1.0
    ],
    "calibrated_hybrid": [
      0.0,
      0.09987641056178546,
      0.1614156082943764,
      0.19075493411900818,
      0.20979109564053336,
      0.24223030426085135,
      0.28924898771642404,
      0.34820735507040723,
      0.46802837956510684,
      0.6836809646750532,
      1.0
    ]
  }
}