{
  "hybrid_choice": "isomer",
  "boundaries": {
    "stale": [
      0.0,
      0.046372797838636334,
      0.0825864972123704,
      0.12000148733663805,
      0.16065619179725635,
      0.20752143952556237,
      0.26435777303824687,
      0.34273652252682973,
      0.48909023381727723,
      0.6634162605305327,
      1.0
    ],
    "isomer": [
      0.0,
      0.5094504014526707,
      0.5694201898399894,
      0.6129362869184048,
      0.6576210418488213,
      0.7178775250903554,
      0.7743097025063441,
      0.8247784432321011,
      0.871853722132419,
      0.9212316206349924,
      1.0
    ],
    "oasis": [
      0.0,
      0.587345492518953,
      0.6887628621702806,
      0.7520763111762806,
      0.7848046426295281,
      0.8125753539589442,
      0.8125753539589442,
      0.8125753539589442,
      0.8125753539589442,
      0.8971631846626229,
      1.0
    ],
    "oasis_projected": [
      0.0,
      0.5118601768313318,
      0.5702175815337805,
      0.6144366227352743,
      0.66192194492133,
      0.7220844626099047,
      0.7766935992394602,
      0.8248042042802813,
      0.8718745670142287,
      0.921261096751886,
      1.0
    ],
    "fresh": [
      0.0,
      0.522125248656935,
      0.571769986693826,
      0.6125182871967373,
      0.6593600169744271,
      0.7185080051880075,
      0.7745005546259206,
      0.8246013320119567,
      0.8718749450743924,
      0.9210257181755411,
      1.0
    ],
    "hybrid": [
      0.0,
      0.5094504014526707,
      0.5694201898399894,
      0.6129362869184048,
      0.6576210418488213,
      0.7178775250903554,
      0.7743097025063441,
      0.8247784432321011,
      0.871853722132419,
      0.9212316206349924,
      1.0
    ],
    "aggressive_hybrid": [
      0.0,
      0.5094504014526707,
      0.5694201898399894,
      0.6129362869184048,
      0.6576210418488213,
      0.7178775250903554,
      0.7743097025063441,
      0.8247784432321011,
      0.871853722132419,
      0.9212316206349924,
      1.0
    ]
  }
}