{
  "hybrid_choice": "isomer",
  "boundaries": {
    "stale": [
      0.0,
      0.04618573680727257,
      0.08250386918481287,
      0.12008566050368465,
      0.16044309370537768,
      0.20656110687079687,
      0.2631206587030396,
      0.339889280442238,
      0.4815286272645288,
      0.6598415047810567,
      1.0
    ],
    "isomer": [
      0.0,
      0.5090371589303436,
      0.5694431539395299,
      0.6128051213660218,
      0.656579031623254,
      0.7173464812022533,
      0.7737148485160835,
      0.8246293907407067,
      0.871994479939947,
      0.9212644621121377,
      1.0
    ],
    "oasis": [
      0.0,
      0.16800567507743835,
      0.4358932375907898,
      0.563895046710968,
      0.6245322823524475,
      0.6531904339790344,
      0.680217981338501,
      0.6984295845031738,
      0.7588562369346619,
      0.8665039539337158,
      1.0
    ],
    "oasis_projected": [
      0.0,
      0.5135998245973551,
      0.5715090385125017,
      0.6180115568431841,
      0.6612201922997616,
      0.7159900951193902,
      0.7707041181585919,
      0.8245356839175807,
      0.8719898456311181,
      0.9211643212611299,
      1.0
    ],
    "oasis_soft_projection": [
      0.0,
      0.48426593341241014,
      0.5686381677319539,
      0.6263898937522128,
      0.6620198505709062,
      0.6955640522526667,
      0.7563911821022629,
      0.8249283495636206,
      0.8705476940704169,
      0.9226234534741028,
      1.0
    ],
    "fresh": [
      0.0,
      0.5219711625267291,
      0.5715598876318352,
      0.6121929845671467,
      0.6596707567597339,
      0.7177787840412639,
      0.774003982733604,
      0.8242776733803152,
      0.8720190259771697,
      0.9208578140646188,
      1.0
    ],
    "hybrid": [
      0.0,
      0.5090371589303436,
      0.5694431539395299,
      0.6128051213660218,
      0.656579031623254,
      0.7173464812022533,
      0.7737148485160835,
      0.8246293907407067,
      0.871994479939947,
      0.9212644621121377,
      1.0
    ],
    "aggressive_hybrid": [
      0.0,
      0.5090371589303436,
      0.5694431539395299,
      0.6128051213660218,
      0.656579031623254,
      0.7173464812022533,
      0.7737148485160835,
      0.8246293907407067,
      0.871994479939947,
      0.9212644621121377,
      1.0
    ],
    "calibrated_hybrid": [
      0.0,
      0.5090371589303436,
      0.5694431539395299,
      0.6128051213660218,
      0.656579031623254,
      0.7173464812022533,
      0.7737148485160835,
      0.8246293907407067,
      0.871994479939947,
      0.9212644621121377,
      1.0
    ]
  }
}