{
  "hybrid_choice": "isomer",
  "boundaries": {
    "stale": [
      0.0,
      0.5207401456492823,
      0.5705472143536154,
      0.6109823432316164,
      0.6580122816319878,
      0.7169791771220817,
      0.7733710674717275,
      0.824137801643739,
      0.871358257217823,
      0.9214369903549093,
      1.0
    ],
    "isomer": [
      0.0,
      0.04675236699157187,
      0.08403603899568815,
      0.12176270242812506,
      0.16217280223946573,
      0.21000597932915457,
      0.26672434260152655,
      0.3441507423864057,
      0.4845255887271496,
      0.6641108037202759,
      1.0
    ],
    "oasis": [
      0.0,
      0.12749618915537264,
      0.12775934132228037,
      0.12775934132228037,
      0.12775934132228037,
      0.154639109409778,
      0.1627284251159956,
      0.21232703120122132,
      0.2774046149861187,
      0.47604905045860685,
      1.0
    ],
    "oasis_projected": [
      0.0,
      0.046752020996402625,
      0.08402902947481238,
      0.12758523760236873,
      0.15984475449150154,
      0.20780545571697917,
      0.2655343379781058,
      0.34645176775758496,
      0.4837427505742928,
      0.6661453478284938,
      1.0
    ],
    "fresh": [
      0.0,
      0.04668616736597812,
      0.08396830553119448,
      0.12128087219693441,
      0.16181337525598843,
      0.20864445004572416,
      0.2655214316531732,
      0.34292931321218617,
      0.4838854816988521,
      0.6630520658161736,
      1.0
    ],
    "hybrid": [
      0.0,
      0.04675236699157187,
      0.08403603899568815,
      0.12176270242812506,
      0.16217280223946573,
      0.21000597932915457,
      0.26672434260152655,
      0.3441507423864057,
      0.4845255887271496,
      0.6641108037202759,
      1.0
    ],
    "aggressive_hybrid": [
      0.0,
      0.04675236699157187,
      0.08403603899568815,
      0.12176270242812506,
      0.16217280223946573,
      0.21000597932915457,
      0.26672434260152655,
      0.3441507423864057,
      0.4845255887271496,
      0.6641108037202759,
      1.0
    ]
  }
}