{
  "hybrid_choice": "isomer",
  "boundaries": {
    "stale": [
      0.0,
      0.18945084197606268,
      0.22189435059675044,
      0.24888051493650626,
      0.27875800083626817,
      0.3289680655268938,
      0.7136483785123586,
      0.7575478090189653,
      0.7933492163524316,
      0.8316878948805101,
      1.0
    ],
    "isomer": [
      0.0,
      0.3163642355471077,
      0.3714131385988456,
      0.40499072066765285,
      0.43494137005367345,
      0.4679841054109475,
      0.5056429217239177,
      0.5645267441495463,
      0.6821697067193365,
      0.8027434088071008,
      1.0
    ],
    "oasis": [
      0.0,
      0.2538344567106436,
      0.3740667706424692,
      0.4534004423922147,
      0.5481613672364835,
      0.5481613672364835,
      0.6483868359222322,
      0.6805463770563842,
      0.6848990015121732,
      0.6985593645571314,
      1.0
    ],
    "oasis_projected": [
      0.0,
      0.32471241222975095,
      0.37166154103042337,
      0.4049927247675771,
      0.43493198319114323,
      0.46794240037984475,
      0.505300113029685,
      0.5766325969626364,
      0.6819053285323889,
      0.8078896301732237,
      1.0
    ],
    "oasis_soft_projection": [
      0.0,
      0.2981106715912086,
      0.3620794677690084,
      0.4023943698836731,
      0.4346566412959574,
      0.470235794600385,
      0.508034605096407,
      0.5865463904904095,
      0.6819251242683919,
      0.7740816462353534,
      1.0
    ],
    "fresh": [
      0.0,
      0.32961883471640596,
      0.371964010924128,
      0.4054954001726425,
      0.43512484389021205,
      0.4671553461782608,
      0.5047468068085179,
      0.5623074370045856,
      0.6819034882157474,
      0.8010035485401265,
      1.0
    ],
    "hybrid": [
      0.0,
      0.3163642355471077,
      0.3714131385988456,
      0.40499072066765285,
      0.43494137005367345,
      0.4679841054109475,
      0.5056429217239177,
      0.5645267441495463,
      0.6821697067193365,
      0.8027434088071008,
      1.0
    ],
    "aggressive_hybrid": [
      0.0,
      0.3163642355471077,
      0.3714131385988456,
      0.40499072066765285,
      0.43494137005367345,
      0.4679841054109475,
      0.5056429217239177,
      0.5645267441495463,
      0.6821697067193365,
      0.8027434088071008,
      1.0
    ]
  }
}