{
  "hybrid_choice": "oasis_projected",
  "boundaries": {
    "stale": [
      0.0,
      0.04657620100042175,
      0.08347856035325792,
      0.12074851199485429,
      0.16131384673773141,
      0.2080359914514765,
      0.2647191621083884,
      0.3424792385145863,
      0.4855451389337328,
      0.6620685253584908,
      1.0
    ],
    "isomer": [
      0.0,
      0.258365493861954,
      0.3272579964532914,
      0.4657027530921942,
      0.6336997562108612,
      0.7156044048623884,
      0.7697519076328703,
      0.8238691351056888,
      0.8724091807194101,
      0.9209795016307946,
      1.0
    ],
    "oasis": [
      0.0,
      0.17047758400440216,
      0.4286990165710449,
      0.5745795965194702,
      0.6460649967193604,
      0.6813458204269409,
      0.7121833562850952,
      0.7316767573356628,
      0.7986614108085632,
      0.8932567238807678,
      1.0
    ],
    "oasis_projected": [
      0.0,
      0.42129845666178606,
      0.5401208973904899,
      0.6190879374884216,
      0.6635763169066964,
      0.7113753622720598,
      0.7343364118042888,
      0.8086518583077912,
      0.8636182312473304,
      0.9128243082396137,
      1.0
    ],
    "oasis_soft_projection": [
      0.0,
      0.36443732738811874,
      0.5101505083459825,
      0.6097539072462169,
      0.6645127585593834,
      0.7086055959357406,
      0.7304800083178499,
      0.7982082339811148,
      0.8598675303680087,
      0.9106100800113582,
      1.0
    ],
    "fresh": [
      0.0,
      0.5212714215751602,
      0.5713019475631738,
      0.6119514132618182,
      0.6583186482604394,
      0.716652560631399,
      0.7731039880924366,
      0.823607061889887,
      0.8709471755564938,
      0.9206871531173294,
      1.0
    ],
    "hybrid": [
      0.0,
      0.42129845666178606,
      0.5401208973904899,
      0.6190879374884216,
      0.6635763169066964,
      0.7113753622720598,
      0.7343364118042888,
      0.8086518583077912,
      0.8636182312473304,
      0.9128243082396137,
      1.0
    ],
    "aggressive_hybrid": [
      0.0,
      0.41106592879838444,
      0.5348901500017255,
      0.6168261518960206,
      0.6627773279656355,
      0.7105976824320505,
      0.7445788918929896,
      0.8292536028358537,
      0.8698722049692353,
      0.9127040140716411,
      1.0
    ],
    "calibrated_hybrid": [
      0.0,
      0.42129845666178606,
      0.5401208973904899,
      0.6190879374884216,
      0.6635763169066964,
      0.7113753622720598,
      0.7343364118042888,
      0.8086518583077912,
      0.8636182312473304,
      0.9128243082396137,
      1.0
    ]
  }
}