{
  "hybrid_choice": "isomer",
  "boundaries": {
    "stale": [
      0.0,
      0.0470675954173765,
      0.08436187404977463,
      0.1219662005429653,
      0.16233740672330305,
      0.20891112787146376,
      0.2669515934253135,
      0.3431123727373656,
      0.48562475946846173,
      0.6610145493537707,
      1.0
    ],
    "isomer": [
      0.0,
      0.5088394387977985,
      0.5683318010014012,
      0.6110013352401725,
      0.6556598975503534,
      0.7161601287622872,
      0.7736120680661054,
      0.8240646536309659,
      0.8714976714887819,
      0.9220848189918874,
      1.0
    ],
    "oasis": [
      0.0,
      0.5867772096154161,
      0.6882141626686078,
      0.7507640056549374,
      0.7837457075175018,
      0.8110532827811725,
      0.8110532827811725,
      0.8110532827811725,
      0.8110532827811725,
      0.8953895078753392,
      1.0
    ],
    "oasis_projected": [
      0.0,
      0.511541848617438,
      0.5690751977733055,
      0.612800493860626,
      0.6603727802510266,
      0.7201815868759652,
      0.7759227231570801,
      0.8240894741802827,
      0.8715200389632215,
      0.9221131511677741,
      1.0
    ],
    "oasis_soft_projection": [
      0.0,
      0.46274229090155544,
      0.5610344346455249,
      0.622994429843027,
      0.6656256775369428,
      0.7373600018176171,
      0.7786336861000668,
      0.8061518402345664,
      0.8561622784801913,
      0.9070396400780372,
      1.0
    ],
    "fresh": [
      0.0,
      0.5209534092757571,
      0.5709705283075542,
      0.6103700495037347,
      0.6574397177570109,
      0.7170301392299099,
      0.7734961905068478,
      0.8237788526178434,
      0.8715217418874853,
      0.9217505578726863,
      1.0
    ],
    "hybrid": [
      0.0,
      0.5088394387977985,
      0.5683318010014012,
      0.6110013352401725,
      0.6556598975503534,
      0.7161601287622872,
      0.7736120680661054,
      0.8240646536309659,
      0.8714976714887819,
      0.9220848189918874,
      1.0
    ],
    "aggressive_hybrid": [
      0.0,
      0.5088394387977985,
      0.5683318010014012,
      0.6110013352401725,
      0.6556598975503534,
      0.7161601287622872,
      0.7736120680661054,
      0.8240646536309659,
      0.8714976714887819,
      0.9220848189918874,
      1.0
    ]
  }
}