{
  "hybrid_choice": "isomer",
  "boundaries": {
    "stale": [
      0.0,
      0.19191438516183412,
      0.22354781351473824,
      0.25044049015252734,
      0.27974671397944467,
      0.3333196047770039,
      0.7172116847853102,
      0.7600513568631576,
      0.7945897175662013,
      0.834270823464475,
      1.0
    ],
    "isomer": [
      0.0,
      0.31741419903683804,
      0.37168923687411576,
      0.40499639915015273,
      0.43618977849611806,
      0.46783556641238316,
      0.5054587750386091,
      0.5659958463738742,
      0.6833613934204532,
      0.8058551178678446,
      1.0
    ],
    "oasis": [
      0.0,
      0.25465865043599845,
      0.3739270271509098,
      0.4535612352704649,
      0.5492463264965344,
      0.5492463264965344,
      0.6495565288550538,
      0.6822265156801478,
      0.6871896024634241,
      0.7024047677721859,
      1.0
    ],
    "oasis_projected": [
      0.0,
      0.3232538505177005,
      0.37186392712636607,
      0.404997667849904,
      0.43618072447723294,
      0.4677880267222403,
      0.5050731126773057,
      0.5776245797640547,
      0.6830608215905235,
      0.8111417482592852,
      1.0
    ],
    "oasis_soft_projection": [
      0.0,
      0.3047748372056058,
      0.3656359449742553,
      0.4040508759685948,
      0.4363256717182328,
      0.47011579689406124,
      0.5076805003848307,
      0.5809349939645171,
      0.6835901414432921,
      0.8099747624911836,
      1.0
    ],
    "fresh": [
      0.0,
      0.3293905136171874,
      0.37210653265212895,
      0.40515399923656437,
      0.4363788677233645,
      0.4667039735595893,
      0.5048347961087012,
      0.5630793167384222,
      0.6830578103016467,
      0.8034626547908487,
      1.0
    ],
    "hybrid": [
      0.0,
      0.31741419903683804,
      0.37168923687411576,
      0.40499639915015273,
      0.43618977849611806,
      0.46783556641238316,
      0.5054587750386091,
      0.5659958463738742,
      0.6833613934204532,
      0.8058551178678446,
      1.0
    ],
    "aggressive_hybrid": [
      0.0,
      0.31741419903683804,
      0.37168923687411576,
      0.40499639915015273,
      0.43618977849611806,
      0.46783556641238316,
      0.5054587750386091,
      0.5659958463738742,
      0.6833613934204532,
      0.8058551178678446,
      1.0
    ]
  }
}