{
  "hybrid_choice": "oasis_projected",
  "boundaries": {
    "stale": [
      0.0,
      0.5212062694979652,
      0.5712401477915283,
      0.6118478614643919,
      0.6587167731421915,
      0.7170159798156597,
      0.7732351756945919,
      0.8238650404189899,
      0.8714382601157573,
      0.9212358547282592,
      1.0
    ],
    "isomer": [
      0.0,
      0.04503030226602521,
      0.08328308420212459,
      0.12281989050546144,
      0.16235669680879827,
      0.2489747459032182,
      0.5600201080330675,
      0.6342559240407502,
      0.6826440529984662,
      0.7134279780921089,
      1.0
    ],
    "oasis": [
      0.0,
      0.07751700282096863,
      0.10201603174209595,
      0.12294777482748032,
      0.13932999968528748,
      0.17079800367355347,
      0.21789057552814484,
      0.29698917269706726,
      0.4692968726158142,
      0.7271482944488525,
      0.9999998807907104
    ],
    "oasis_projected": [
      0.0,
      0.05102152956582465,
      0.09025129298183143,
      0.12442160514242227,
      0.16010337828654733,
      0.20523962478423846,
      0.25245044687863083,
      0.3215400711404081,
      0.447816273673893,
      0.627689921624732,
      1.0
    ],
    "oasis_soft_projection": [
      0.0,
      0.05692808142747653,
      0.09614909948330452,
      0.12597406236422448,
      0.15849200046113046,
      0.20341857905643565,
      0.25414583452836015,
      0.33558955757209064,
      0.4634064223029597,
      0.6513503116177904,
      1.0
    ],
    "fresh": [
      0.0,
      0.046207831237942434,
      0.08334308035482428,
      0.12103187894850563,
      0.16169040194241113,
      0.20853659123879514,
      0.2658087868245315,
      0.3437241931573266,
      0.48763843020688113,
      0.6624582690457288,
      1.0
    ],
    "hybrid": [
      0.0,
      0.05102152956582465,
      0.09025129298183143,
      0.12442160514242227,
      0.16010337828654733,
      0.20523962478423846,
      0.25245044687863083,
      0.3215400711404081,
      0.447816273673893,
      0.627689921624732,
      1.0
    ],
    "aggressive_hybrid": [
      0.0,
      0.05102152956582465,
      0.09025129298183143,
      0.12442160514242227,
      0.16010337828654733,
      0.20523962478423846,
      0.25245044687863083,
      0.3215400711404081,
      0.447816273673893,
      0.627689921624732,
      1.0
    ],
    "calibrated_hybrid": [
      0.0,
      0.05102152956582465,
      0.09025129298183143,
      0.12442160514242227,
      0.16010337828654733,
      0.20523962478423846,
      0.25245044687863083,
      0.3215400711404081,
      0.447816273673893,
      0.627689921624732,
      1.0
    ]
  }
}