{
  "hybrid_choice": "oasis_projected",
  "boundaries": {
    "stale": [
      0.0,
      0.046372797838636334,
      0.0825864972123704,
      0.12000148733663805,
      0.16065619179725635,
      0.20752143952556237,
      0.26435777303824687,
      0.34273652252682973,
      0.48909023381727723,
      0.6634162605305327,
      1.0
    ],
    "isomer": [
      0.0,
      0.3121422492782614,
      0.5258456513587996,
      0.6080819067342003,
      0.643010756542636,
      0.6914575240070755,
      0.7588971548272547,
      0.8258106095950662,
      0.8728030685676761,
      0.9230070125328949,
      1.0
    ],
    "oasis": [
      0.0,
      0.15749667584896088,
      0.4249075651168823,
      0.5396485924720764,
      0.5957409739494324,
      0.6268321871757507,
      0.6570430397987366,
      0.6757293939590454,
      0.7344886064529419,
      0.8423765897750854,
      1.0
    ],
    "oasis_projected": [
      0.0,
      0.4636318605194434,
      0.5673418741749696,
      0.6127315575012103,
      0.6441838777777431,
      0.6682965298543,
      0.7127540353146714,
      0.8054773174395861,
      0.865371679217688,
      0.9150156075531117,
      1.0
    ],
    "oasis_soft_projection": [
      0.0,
      0.4382907400797035,
      0.5629416384109078,
      0.6109520356332162,
      0.6417848934711464,
      0.6663983599563261,
      0.7054824038860047,
      0.7897337040004201,
      0.8583063864010412,
      0.9130767613214446,
      1.0
    ],
    "fresh": [
      0.0,
      0.522125248656935,
      0.571769986693826,
      0.6125182871967373,
      0.6593600169744271,
      0.7185080051880075,
      0.7745005546259206,
      0.8246013320119567,
      0.8718749450743924,
      0.9210257181755411,
      1.0
    ],
    "hybrid": [
      0.0,
      0.4636318605194434,
      0.5673418741749696,
      0.6127315575012103,
      0.6441838777777431,
      0.6682965298543,
      0.7127540353146714,
      0.8054773174395861,
      0.865371679217688,
      0.9150156075531117,
      1.0
    ],
    "aggressive_hybrid": [
      0.0,
      0.45483169678136276,
      0.5625384067037082,
      0.6118741369354546,
      0.6454491335829902,
      0.6703770546875626,
      0.7233775646977909,
      0.8268600381863964,
      0.8693132180700567,
      0.9124241682262627,
      1.0
    ],
    "calibrated_hybrid": [
      0.0,
      0.4636318605194434,
      0.5673418741749696,
      0.6127315575012103,
      0.6441838777777431,
      0.6682965298543,
      0.7127540353146714,
      0.8054773174395861,
      0.865371679217688,
      0.9150156075531117,
      1.0
    ]
  }
}