{
  "hybrid_choice": "oasis_projected",
  "boundaries": {
    "stale": [
      0.0,
      0.5214783703695755,
      0.5714373071167989,
      0.6120156723128283,
      0.6589770757166135,
      0.7175118073502719,
      0.7737456457507249,
      0.8242198723655689,
      0.8717859183583408,
      0.9209055189703071,
      1.0
    ],
    "isomer": [
      0.0,
      0.04465141781075759,
      0.08242794745633257,
      0.13608736510361413,
      0.1936984946024808,
      0.25130962410134744,
      0.3089207536002141,
      0.525126134383972,
      0.5697089866432783,
      0.7696920267598685,
      1.0
    ],
    "oasis": [
      0.0,
      0.1121785044670105,
      0.14005762338638306,
      0.15907900035381317,
      0.17129161953926086,
      0.1959339678287506,
      0.2344171702861786,
      0.32080453634262085,
      0.5224213600158691,
      0.7202455997467041,
      0.9999999403953552
    ],
    "oasis_projected": [
      0.0,
      0.04464552337495359,
      0.08243690208596259,
      0.1362067070051562,
      0.16133911010149757,
      0.1838162410713765,
      0.22793077024117464,
      0.347048385711807,
      0.5103613526241191,
      0.6707855852709999,
      1.0
    ],
    "oasis_soft_projection": [
      0.0,
      0.04626843989634068,
      0.08929420543296976,
      0.14096050910862434,
      0.1628948998236804,
      0.1855211959916242,
      0.22835347095570935,
      0.3413516356950978,
      0.5079366033964294,
      0.6747924227722417,
      1.0
    ],
    "fresh": [
      0.0,
      0.046372019219659284,
      0.08248377053476244,
      0.11983635959250107,
      0.1604818024186119,
      0.20656707035051208,
      0.2630939794276801,
      0.3392597530677739,
      0.4798425569691939,
      0.6589922399470944,
      1.0
    ],
    "hybrid": [
      0.0,
      0.04464552337495359,
      0.08243690208596259,
      0.1362067070051562,
      0.16133911010149757,
      0.1838162410713765,
      0.22793077024117464,
      0.347048385711807,
      0.5103613526241191,
      0.6707855852709999,
      1.0
    ],
    "aggressive_hybrid": [
      0.0,
      0.04464552337495359,
      0.08243690208596259,
      0.1362067070051562,
      0.16133911010149757,
      0.1838162410713765,
      0.22793077024117464,
      0.347048385711807,
      0.5103613526241191,
      0.6707855852709999,
      1.0
    ],
    "calibrated_hybrid": [
      0.0,
      0.04464552337495359,
      0.08243690208596259,
      0.1362067070051562,
      0.16133911010149757,
      0.1838162410713765,
      0.22793077024117464,
      0.347048385711807,
      0.5103613526241191,
      0.6707855852709999,
      1.0
    ]
  }
}