{
  "hybrid_choice": "oasis_projected",
  "boundaries": {
    "stale": [
      0.0,
      0.5212796113757183,
      0.5700105341529139,
      0.6108913584199853,
      0.6572078919816757,
      0.7159887465637949,
      0.7719889147167797,
      0.8234196183224014,
      0.8713013510021211,
      0.9206686997788787,
      1.0
    ],
    "isomer": [
      0.0,
      0.04464814291321896,
      0.08248734524258292,
      0.13597060379598336,
      0.19350270181408585,
      0.25103479983218835,
      0.3085668978502908,
      0.5252012988022848,
      0.5701437436474722,
      0.767836066878544,
      1.0
    ],
    "oasis": [
      0.0,
      0.24262476397493202,
      0.24262476397493202,
      0.24262476397493202,
      0.24811525238230953,
      0.2754891247506348,
      0.2856401178633593,
      0.32250846206617356,
      0.39518283320454134,
      0.5557075500505833,
      1.0
    ],
    "oasis_projected": [
      0.0,
      0.044642636419725094,
      0.0824943089917762,
      0.24384247801144454,
      0.2560840993288239,
      0.27914791563581853,
      0.30148473343923915,
      0.35859620290100597,
      0.4844074267732266,
      0.7272393090682276,
      1.0
    ],
    "oasis_soft_projection": [
      0.0,
      0.047756242529814405,
      0.10333843014578178,
      0.24496487161708552,
      0.2597903094389996,
      0.2798215294696704,
      0.30138616800265106,
      0.35415706656437557,
      0.47177255258076367,
      0.7136397364518238,
      1.0
    ],
    "fresh": [
      0.0,
      0.045914302710722214,
      0.08282416510258202,
      0.120038574718059,
      0.1597714000409735,
      0.20491455373488832,
      0.2618840131041197,
      0.33931859344748827,
      0.48300526023370827,
      0.6589347365022781,
      1.0
    ],
    "hybrid": [
      0.0,
      0.044642636419725094,
      0.0824943089917762,
      0.24384247801144454,
      0.2560840993288239,
      0.27914791563581853,
      0.30148473343923915,
      0.35859620290100597,
      0.4844074267732266,
      0.7272393090682276,
      1.0
    ],
    "aggressive_hybrid": [
      0.0,
      0.044642636419725094,
      0.0824943089917762,
      0.24384247801144454,
      0.2560840993288239,
      0.27914791563581853,
      0.30148473343923915,
      0.35859620290100597,
      0.4844074267732266,
      0.7272393090682276,
      1.0
    ],
    "calibrated_hybrid": [
      0.0,
      0.044642636419725094,
      0.0824943089917762,
      0.24384247801144454,
      0.2560840993288239,
      0.27914791563581853,
      0.30148473343923915,
      0.35859620290100597,
      0.4844074267732266,
      0.7272393090682276,
      1.0
    ]
  }
}