{
  "hybrid_choice": "isomer",
  "boundaries": {
    "stale": [
      0.0,
      0.04636386176767939,
      0.08327973231200252,
      0.120358322828919,
      0.16039200134606252,
      0.2067466873344434,
      0.2641522598010552,
      0.34253607337321657,
      0.48240565352801146,
      0.6603543701605677,
      1.0
    ],
    "isomer": [
      0.0,
      0.5080147708962913,
      0.5693275003056653,
      0.6124371036275623,
      0.6569014322049973,
      0.7171549476667288,
      0.7733480511629238,
      0.8245702285591394,
      0.8715035412055644,
      0.921161083781312,
      1.0
    ],
    "oasis": [
      0.0,
      0.587682959292533,
      0.6888140263289637,
      0.7511430694393563,
      0.7839376078860385,
      0.8110762908337991,
      0.8110762908337991,
      0.8110762908337991,
      0.8110762908337991,
      0.8961594982775043,
      1.0
    ],
    "oasis_projected": [
      0.0,
      0.5111957529045358,
      0.5700685860287311,
      0.6142999241390003,
      0.6623644451116414,
      0.7211802067344539,
      0.7757791418575416,
      0.8245960909656018,
      0.8715249774976146,
      0.9211900334370702,
      1.0
    ],
    "fresh": [
      0.0,
      0.5218020308312559,
      0.5715305192265684,
      0.6119618975997023,
      0.6592509061763617,
      0.7179645669292761,
      0.7736150950982297,
      0.8243099426468835,
      0.8715262600031339,
      0.9208631206091349,
      1.0
    ],
    "hybrid": [
      0.0,
      0.5080147708962913,
      0.5693275003056653,
      0.6124371036275623,
      0.6569014322049973,
      0.7171549476667288,
      0.7733480511629238,
      0.8245702285591394,
      0.8715035412055644,
      0.921161083781312,
      1.0
    ]
  }
}