{
  "hybrid_choice": "oasis_projected",
  "boundaries": {
    "stale": [
      0.0,
      0.5212062694979652,
      0.5712401477915283,
      0.6118478614643919,
      0.6587167731421915,
      0.7170159798156597,
      0.7732351756945919,
      0.8238650404189899,
      0.8714382601157573,
      0.9212358547282592,
      1.0
    ],
    "isomer": [
      0.0,
      0.044899919386570536,
      0.08319969616835242,
      0.13759151139323042,
      0.19602025614098517,
      0.25444900088873984,
      0.3128777456364945,
      0.5266970430564779,
      0.5738208480650525,
      0.771419076962633,
      1.0
    ],
    "oasis": [
      0.0,
      0.11236153542995453,
      0.14022111892700195,
      0.15922513604164124,
      0.17137698829174042,
      0.19586345553398132,
      0.23426394164562225,
      0.3204559087753296,
      0.5214244723320007,
      0.721945583820343,
      0.9999999403953552
    ],
    "oasis_projected": [
      0.0,
      0.04489571072446278,
      0.08320031662662737,
      0.13662028280594435,
      0.16164343840822765,
      0.18428780251598936,
      0.2287158240665841,
      0.3520282355589252,
      0.5142439670492789,
      0.6751202668139679,
      1.0
    ],
    "oasis_soft_projection": [
      0.0,
      0.04658543219652153,
      0.09010128185235991,
      0.14127303137318062,
      0.1631698349620172,
      0.1859190621635257,
      0.22900872188403695,
      0.3458922878254861,
      0.5113564566892428,
      0.6786346159360469,
      1.0
    ],
    "fresh": [
      0.0,
      0.046207831237942434,
      0.08334308035482428,
      0.12103187894850563,
      0.16169040194241113,
      0.20853659123879514,
      0.2658087868245315,
      0.3437241931573266,
      0.48763843020688113,
      0.6624582690457288,
      1.0
    ],
    "hybrid": [
      0.0,
      0.04489571072446278,
      0.08320031662662737,
      0.13662028280594435,
      0.16164343840822765,
      0.18428780251598936,
      0.2287158240665841,
      0.3520282355589252,
      0.5142439670492789,
      0.6751202668139679,
      1.0
    ],
    "aggressive_hybrid": [
      0.0,
      0.04489571072446278,
      0.08320031662662737,
      0.13662028280594435,
      0.16164343840822765,
      0.18428780251598936,
      0.2287158240665841,
      0.3520282355589252,
      0.5142439670492789,
      0.6751202668139679,
      1.0
    ],
    "calibrated_hybrid": [
      0.0,
      0.04489571072446278,
      0.08320031662662737,
      0.13662028280594435,
      0.16164343840822765,
      0.18428780251598936,
      0.2287158240665841,
      0.3520282355589252,
      0.5142439670492789,
      0.6751202668139679,
      1.0
    ]
  }
}