{
  "hybrid_choice": "oasis_projected",
  "boundaries": {
    "stale": [
      0.0,
      0.5207401456492823,
      0.5705472143536154,
      0.6109823432316164,
      0.6580122816319878,
      0.7169791771220817,
      0.7733710674717275,
      0.824137801643739,
      0.871358257217823,
      0.9214369903549093,
      1.0
    ],
    "isomer": [
      0.0,
      0.04678181963124306,
      0.08459999101321336,
      0.1218534408672132,
      0.16225200512617205,
      0.2182195654153326,
      0.2780242842799785,
      0.4815356406882319,
      0.5963519771061608,
      0.677978432698323,
      1.0
    ],
    "oasis": [
      0.0,
      0.08167343586683273,
      0.1061006709933281,
      0.12625840306282043,
      0.1410197615623474,
      0.17023739218711853,
      0.21373450756072998,
      0.2988928556442261,
      0.47653645277023315,
      0.7292078733444214,
      1.0
    ],
    "oasis_projected": [
      0.0,
      0.05349960495663719,
      0.09261044978274253,
      0.1235078026970528,
      0.16276513866717504,
      0.1991981452933715,
      0.25499918899856305,
      0.3425008159094591,
      0.4746427192978165,
      0.6621187833074001,
      1.0
    ],
    "oasis_soft_projection": [
      0.0,
      0.05664795977157516,
      0.09423110140536547,
      0.12702682694055079,
      0.16174225294578737,
      0.19731081788362853,
      0.25169227245218495,
      0.34388723853418957,
      0.4759197697966516,
      0.6634329751435611,
      1.0
    ],
    "fresh": [
      0.0,
      0.04668616736597812,
      0.08396830553119448,
      0.12128087219693441,
      0.16181337525598843,
      0.20864445004572416,
      0.2655214316531732,
      0.34292931321218617,
      0.4838854816988521,
      0.6630520658161736,
      1.0
    ],
    "hybrid": [
      0.0,
      0.05349960495663719,
      0.09261044978274253,
      0.1235078026970528,
      0.16276513866717504,
      0.1991981452933715,
      0.25499918899856305,
      0.3425008159094591,
      0.4746427192978165,
      0.6621187833074001,
      1.0
    ],
    "aggressive_hybrid": [
      0.0,
      0.05349960495663719,
      0.09261044978274253,
      0.1235078026970528,
      0.16276513866717504,
      0.1991981452933715,
      0.25499918899856305,
      0.3425008159094591,
      0.4746427192978165,
      0.6621187833074001,
      1.0
    ],
    "calibrated_hybrid": [
      0.0,
      0.05349960495663719,
      0.09261044978274253,
      0.1235078026970528,
      0.16276513866717504,
      0.1991981452933715,
      0.25499918899856305,
      0.3425008159094591,
      0.4746427192978165,
      0.6621187833074001,
      1.0
    ]
  }
}