{
  "hybrid_choice": "oasis_projected",
  "boundaries": {
    "stale": [
      0.0,
      0.5216607377687994,
      0.5714344143180449,
      0.6117035039116847,
      0.658245013250249,
      0.7173516552972332,
      0.7741279219274998,
      0.8245454626232936,
      0.8720091865230618,
      0.9212644215710489,
      1.0
    ],
    "isomer": [
      0.0,
      0.044849968189793886,
      0.0828032505311241,
      0.12243758181127942,
      0.16207191309143476,
      0.24827371621798933,
      0.5601320452929613,
      0.6336009535912415,
      0.6814726764096531,
      0.7123212116756222,
      1.0
    ],
    "oasis": [
      0.0,
      0.0777239203453064,
      0.10215743631124496,
      0.12299181520938873,
      0.13929906487464905,
      0.17125213146209717,
      0.2189071625471115,
      0.2979249060153961,
      0.4702911674976349,
      0.7258701920509338,
      1.0
    ],
    "oasis_projected": [
      0.0,
      0.05080450790168108,
      0.09000238117425222,
      0.12418566784599216,
      0.1598734695822225,
      0.2042481230952627,
      0.25099814253567937,
      0.3185838342527816,
      0.44647630825636836,
      0.6262261984991638,
      1.0
    ],
    "oasis_soft_projection": [
      0.0,
      0.056714322807368385,
      0.09596095092663177,
      0.1257264233658183,
      0.1581191507724021,
      0.2025991719172304,
      0.25289444683839146,
      0.33282107224964846,
      0.46224343461460216,
      0.6499003482444838,
      1.0
    ],
    "fresh": [
      0.0,
      0.04647763396440298,
      0.08308836674717282,
      0.12086619374582372,
      0.16117408593730304,
      0.20707482422896506,
      0.26331150914010354,
      0.34103954238152323,
      0.48191334149200754,
      0.6611349503425754,
      1.0
    ],
    "hybrid": [
      0.0,
      0.05080450790168108,
      0.09000238117425222,
      0.12418566784599216,
      0.1598734695822225,
      0.2042481230952627,
      0.25099814253567937,
      0.3185838342527816,
      0.44647630825636836,
      0.6262261984991638,
      1.0
    ],
    "aggressive_hybrid": [
      0.0,
      0.05080450790168108,
      0.09000238117425222,
      0.12418566784599216,
      0.1598734695822225,
      0.2042481230952627,
      0.25099814253567937,
      0.3185838342527816,
      0.44647630825636836,
      0.6262261984991638,
      1.0
    ],
    "calibrated_hybrid": [
      0.0,
      0.05080450790168108,
      0.09000238117425222,
      0.12418566784599216,
      0.1598734695822225,
      0.2042481230952627,
      0.25099814253567937,
      0.3185838342527816,
      0.44647630825636836,
      0.6262261984991638,
      1.0
    ]
  }
}