{
  "hybrid_choice": "oasis_projected",
  "boundaries": {
    "stale": [
      0.0,
      0.5207401456492823,
      0.5705472143536154,
      0.6109823432316164,
      0.6580122816319878,
      0.7169791771220817,
      0.7733710674717275,
      0.824137801643739,
      0.871358257217823,
      0.9214369903549093,
      1.0
    ],
    "isomer": [
      0.0,
      0.3244055968663571,
      0.5826898473197125,
      0.6588237877687578,
      0.7110772374913537,
      0.7592689108695658,
      0.8038280946513762,
      0.8453849045297885,
      0.8863803909157546,
      0.9332202760000332,
      1.0
    ],
    "oasis": [
      0.0,
      0.12708063423633575,
      0.17648248374462128,
      0.20127590000629425,
      0.21962180733680725,
      0.2655099034309387,
      0.3195495307445526,
      0.3875478208065033,
      0.49319595098495483,
      0.666893482208252,
      1.0
    ],
    "oasis_projected": [
      0.0,
      0.10109837178625415,
      0.16335016605384126,
      0.19316354517900106,
      0.2124931482150654,
      0.24486296960567272,
      0.2919183958597735,
      0.35089491009981844,
      0.46974214952003424,
      0.6873367308506144,
      1.0
    ],
    "oasis_soft_projection": [
      0.0,
      0.10972745218235597,
      0.16654091341575455,
      0.19468270761734785,
      0.21355644073440058,
      0.247370443385782,
      0.29469216544365373,
      0.3552265690728035,
      0.4732249866373708,
      0.6884409100753168,
      1.0
    ],
    "fresh": [
      0.0,
      0.04668616736597812,
      0.08396830553119448,
      0.12128087219693441,
      0.16181337525598843,
      0.20864445004572416,
      0.2655214316531732,
      0.34292931321218617,
      0.4838854816988521,
      0.6630520658161736,
      1.0
    ],
    "hybrid": [
      0.0,
      0.10109837178625415,
      0.16335016605384126,
      0.19316354517900106,
      0.2124931482150654,
      0.24486296960567272,
      0.2919183958597735,
      0.35089491009981844,
      0.46974214952003424,
      0.6873367308506144,
      1.0
    ],
    "aggressive_hybrid": [
      0.0,
      0.10109837178625415,
      0.16335016605384126,
      0.19316354517900106,
      0.2124931482150654,
      0.24486296960567272,
      0.2919183958597735,
      0.35089491009981844,
      0.46974214952003424,
      0.6873367308506144,
      1.0
    ],
    "calibrated_hybrid": [
      0.0,
      0.10109837178625415,
      0.16335016605384126,
      0.19316354517900106,
      0.2124931482150654,
      0.24486296960567272,
      0.2919183958597735,
      0.35089491009981844,
      0.46974214952003424,
      0.6873367308506144,
      1.0
    ]
  }
}