{
  "hybrid_choice": "isomer",
  "boundaries": {
    "stale": [
      0.0,
      0.04646819916409655,
      0.08338156815970488,
      0.12057401444043103,
      0.16027747091861877,
      0.2065519034382819,
      0.2634864893457872,
      0.34115453237080434,
      0.482486612319676,
      0.6609505302890052,
      1.0
    ],
    "isomer": [
      0.0,
      0.5073292190554185,
      0.568569061665299,
      0.6124130271876379,
      0.6569685625527079,
      0.7177193148063887,
      0.7739759442309394,
      0.8244806589690783,
      0.8716631571043365,
      0.9212347587464589,
      1.0
    ],
    "oasis": [
      0.0,
      0.16850081086158752,
      0.4395561218261719,
      0.5658726692199707,
      0.625424325466156,
      0.6541692018508911,
      0.6813047528266907,
      0.6995623111724854,
      0.7593410015106201,
      0.8666217923164368,
      0.9999999403953552
    ],
    "oasis_projected": [
      0.0,
      0.5126255414826989,
      0.5713242733848233,
      0.6171067498573075,
      0.6612202273787366,
      0.716406587883864,
      0.7713485017886047,
      0.8243910705791144,
      0.8716552588737552,
      0.9211380204607167,
      1.0
    ],
    "oasis_soft_projection": [
      0.0,
      0.4844759276514553,
      0.5685358611282066,
      0.6261560236709348,
      0.6619224433628292,
      0.6961845276136172,
      0.7568526765991279,
      0.8248210857960823,
      0.8702867875283029,
      0.9226222509373486,
      1.0
    ],
    "fresh": [
      0.0,
      0.5210510331728553,
      0.57090292508829,
      0.61171146976429,
      0.6592580398962499,
      0.718451904915361,
      0.7742242451620203,
      0.8241520691317125,
      0.8716841663402434,
      0.9208537791084661,
      1.0
    ],
    "hybrid": [
      0.0,
      0.5073292190554185,
      0.568569061665299,
      0.6124130271876379,
      0.6569685625527079,
      0.7177193148063887,
      0.7739759442309394,
      0.8244806589690783,
      0.8716631571043365,
      0.9212347587464589,
      1.0
    ],
    "aggressive_hybrid": [
      0.0,
      0.5073292190554185,
      0.568569061665299,
      0.6124130271876379,
      0.6569685625527079,
      0.7177193148063887,
      0.7739759442309394,
      0.8244806589690783,
      0.8716631571043365,
      0.9212347587464589,
      1.0
    ],
    "calibrated_hybrid": [
      0.0,
      0.5073292190554185,
      0.568569061665299,
      0.6124130271876379,
      0.6569685625527079,
      0.7177193148063887,
      0.7739759442309394,
      0.8244806589690783,
      0.8716631571043365,
      0.9212347587464589,
      1.0
    ]
  }
}