{
  "hybrid_choice": "isomer",
  "boundaries": {
    "stale": [
      0.0,
      0.19208413897569013,
      0.22392026474157986,
      0.25087108165519484,
      0.2812319329585825,
      0.33912901799118966,
      0.7172423315090797,
      0.7592008319610043,
      0.7935956178726519,
      0.8330780930768634,
      1.0
    ],
    "isomer": [
      0.0,
      0.3217042601060606,
      0.3712192334971654,
      0.40446840443647786,
      0.4345100904493985,
      0.4669881625105031,
      0.5055464298130339,
      0.565103967853308,
      0.6828715512456437,
      0.8052216844163163,
      1.0
    ],
    "oasis": [
      0.0,
      0.29116538166999817,
      0.33921319246292114,
      0.3566214144229889,
      0.36485305428504944,
      0.3728048801422119,
      0.41220009326934814,
      0.4231579601764679,
      0.44168514013290405,
      0.4951591193675995,
      1.0
    ],
    "oasis_projected": [
      0.0,
      0.32873324743820176,
      0.36826895955651656,
      0.4116323316437302,
      0.4343784553817166,
      0.46480348293099133,
      0.49204182525081497,
      0.5676249266303501,
      0.6825609333205972,
      0.8077913071961882,
      1.0
    ],
    "oasis_soft_projection": [
      0.0,
      0.34088469093503787,
      0.36630786385644776,
      0.41252644145345896,
      0.43047927458930374,
      0.4578618185360214,
      0.4866306389868989,
      0.5761329355825299,
      0.6874202177185487,
      0.8186411726881041,
      1.0
    ],
    "fresh": [
      0.0,
      0.32950438674848304,
      0.3719408343402336,
      0.4044345022495495,
      0.4344885346228161,
      0.465856989342724,
      0.5047438838337915,
      0.5642548030373224,
      0.6826101848792061,
      0.8045440770042218,
      1.0
    ],
    "hybrid": [
      0.0,
      0.3217042601060606,
      0.3712192334971654,
      0.40446840443647786,
      0.4345100904493985,
      0.4669881625105031,
      0.5055464298130339,
      0.565103967853308,
      0.6828715512456437,
      0.8052216844163163,
      1.0
    ],
    "aggressive_hybrid": [
      0.0,
      0.3217042601060606,
      0.3712192334971654,
      0.40446840443647786,
      0.4345100904493985,
      0.4669881625105031,
      0.5055464298130339,
      0.565103967853308,
      0.6828715512456437,
      0.8052216844163163,
      1.0
    ],
    "calibrated_hybrid": [
      0.0,
      0.3217042601060606,
      0.3712192334971654,
      0.40446840443647786,
      0.4345100904493985,
      0.4669881625105031,
      0.5055464298130339,
      0.565103967853308,
      0.6828715512456437,
      0.8052216844163163,
      1.0
    ]
  }
}