{
  "hybrid_choice": "oasis_projected",
  "boundaries": {
    "stale": [
      0.0,
      0.5216607377687994,
      0.5714344143180449,
      0.6117035039116847,
      0.658245013250249,
      0.7173516552972332,
      0.7741279219274998,
      0.8245454626232936,
      0.8720091865230618,
      0.9212644215710489,
      1.0
    ],
    "isomer": [
      0.0,
      0.04475402731357565,
      0.08288428733571615,
      0.13676062880751305,
      0.19466006952733853,
      0.252559510247164,
      0.3104589509669894,
      0.5260036192347605,
      0.5716760414846553,
      0.7716677642876585,
      1.0
    ],
    "oasis": [
      0.0,
      0.11246047914028168,
      0.14023663103580475,
      0.15912291407585144,
      0.1712082177400589,
      0.19607582688331604,
      0.23492899537086487,
      0.3210179805755615,
      0.5218987464904785,
      0.7208528518676758,
      0.9999999403953552
    ],
    "oasis_projected": [
      0.0,
      0.04474753138164173,
      0.08289378706607183,
      0.1363901615842052,
      0.16137267298159874,
      0.18391044784950983,
      0.2285349985230994,
      0.34847583184406156,
      0.5115604161624903,
      0.6724154456656993,
      1.0
    ],
    "oasis_soft_projection": [
      0.0,
      0.04642335768300998,
      0.08976901152677187,
      0.14111976728949296,
      0.16290651655146005,
      0.1856162274830122,
      0.2289340512605854,
      0.34266123023722267,
      0.5089737570781964,
      0.6762411026180707,
      1.0
    ],
    "fresh": [
      0.0,
      0.04647763396440298,
      0.08308836674717282,
      0.12086619374582372,
      0.16117408593730304,
      0.20707482422896506,
      0.26331150914010354,
      0.34103954238152323,
      0.48191334149200754,
      0.6611349503425754,
      1.0
    ],
    "hybrid": [
      0.0,
      0.04474753138164173,
      0.08289378706607183,
      0.1363901615842052,
      0.16137267298159874,
      0.18391044784950983,
      0.2285349985230994,
      0.34847583184406156,
      0.5115604161624903,
      0.6724154456656993,
      1.0
    ],
    "aggressive_hybrid": [
      0.0,
      0.04474753138164173,
      0.08289378706607183,
      0.1363901615842052,
      0.16137267298159874,
      0.18391044784950983,
      0.2285349985230994,
      0.34847583184406156,
      0.5115604161624903,
      0.6724154456656993,
      1.0
    ],
    "calibrated_hybrid": [
      0.0,
      0.04474753138164173,
      0.08289378706607183,
      0.1363901615842052,
      0.16137267298159874,
      0.18391044784950983,
      0.2285349985230994,
      0.34847583184406156,
      0.5115604161624903,
      0.6724154456656993,
      1.0
    ]
  }
}