{
  "hybrid_choice": "isomer",
  "boundaries": {
    "stale": [
      0.0,
      0.1920676470339038,
      0.22365562990822538,
      0.2508362741006278,
      0.28052018823728236,
      0.3375055869793421,
      0.7172083105201855,
      0.7589307052191473,
      0.7936818815711464,
      0.8329029306452564,
      1.0
    ],
    "isomer": [
      0.0,
      0.32130432623810057,
      0.3710567292549746,
      0.40415729674778833,
      0.43427690627855275,
      0.46675795205660464,
      0.5049581432727024,
      0.5647556797479208,
      0.6817947312628287,
      0.8042626299062112,
      1.0
    ],
    "oasis": [
      0.0,
      0.2553186601591821,
      0.37399377640714326,
      0.4538318500712373,
      0.5493904656316217,
      0.5493904656316217,
      0.6475171721163199,
      0.6794929046425893,
      0.6865798701081319,
      0.7018080016670317,
      1.0
    ],
    "oasis_projected": [
      0.0,
      0.32415480117061685,
      0.37101440418051684,
      0.4041577261324093,
      0.43426725037385916,
      0.4667189152145656,
      0.504676482469034,
      0.5765166422377803,
      0.6815073373813492,
      0.8098608952393958,
      1.0
    ],
    "fresh": [
      0.0,
      0.32876117987594844,
      0.3714492844691183,
      0.40421613031182957,
      0.43419648236981323,
      0.46579693422869073,
      0.5041287021653597,
      0.5632352927105326,
      0.6815042440626317,
      0.8030079029526719,
      1.0
    ],
    "hybrid": [
      0.0,
      0.32130432623810057,
      0.3710567292549746,
      0.40415729674778833,
      0.43427690627855275,
      0.46675795205660464,
      0.5049581432727024,
      0.5647556797479208,
      0.6817947312628287,
      0.8042626299062112,
      1.0
    ],
    "aggressive_hybrid": [
      0.0,
      0.32130432623810057,
      0.3710567292549746,
      0.40415729674778833,
      0.43427690627855275,
      0.46675795205660464,
      0.5049581432727024,
      0.5647556797479208,
      0.6817947312628287,
      0.8042626299062112,
      1.0
    ]
  }
}