{
  "hybrid_choice": "oasis_projected",
  "boundaries": {
    "stale": [
      0.0,
      0.5212796113757183,
      0.5700105341529139,
      0.6108913584199853,
      0.6572078919816757,
      0.7159887465637949,
      0.7719889147167797,
      0.8234196183224014,
      0.8713013510021211,
      0.9206686997788787,
      1.0
    ],
    "isomer": [
      0.0,
      0.32806567956220856,
      0.5821749313470312,
      0.6565955593933159,
      0.7079839985990501,
      0.7563004904831013,
      0.8016068451154986,
      0.8441002292190457,
      0.8855161934749302,
      0.9320900335526024,
      1.0
    ],
    "oasis": [
      0.0,
      0.12612667679786682,
      0.1743057668209076,
      0.1993725299835205,
      0.21760331094264984,
      0.26348596811294556,
      0.3170640468597412,
      0.38649624586105347,
      0.49423307180404663,
      0.6646285653114319,
      1.0000001192092896
    ],
    "oasis_projected": [
      0.0,
      0.10040485795569817,
      0.16143726289904817,
      0.19109402656786434,
      0.21043097411893302,
      0.242536866370788,
      0.28921733055267884,
      0.34878829820389207,
      0.47052462518254834,
      0.6858109321176603,
      1.0
    ],
    "oasis_soft_projection": [
      0.0,
      0.10888782642305986,
      0.16452749509680242,
      0.19262368881941377,
      0.211486655270358,
      0.24505075524683823,
      0.2919858449596725,
      0.35325770939499723,
      0.47407386986611916,
      0.686856285695524,
      1.0
    ],
    "fresh": [
      0.0,
      0.045914302710722214,
      0.08282416510258202,
      0.120038574718059,
      0.1597714000409735,
      0.20491455373488832,
      0.2618840131041197,
      0.33931859344748827,
      0.48300526023370827,
      0.6589347365022781,
      1.0
    ],
    "hybrid": [
      0.0,
      0.10040485795569817,
      0.16143726289904817,
      0.19109402656786434,
      0.21043097411893302,
      0.242536866370788,
      0.28921733055267884,
      0.34878829820389207,
      0.47052462518254834,
      0.6858109321176603,
      1.0
    ],
    "aggressive_hybrid": [
      0.0,
      0.10040485795569817,
      0.16143726289904817,
      0.19109402656786434,
      0.21043097411893302,
      0.242536866370788,
      0.28921733055267884,
      0.34878829820389207,
      0.47052462518254834,
      0.6858109321176603,
      1.0
    ],
    "calibrated_hybrid": [
      0.0,
      0.10040485795569817,
      0.16143726289904817,
      0.19109402656786434,
      0.21043097411893302,
      0.242536866370788,
      0.28921733055267884,
      0.34878829820389207,
      0.47052462518254834,
      0.6858109321176603,
      1.0
    ]
  }
}