{
  "hybrid_choice": "isomer",
  "boundaries": {
    "stale": [
      0.0,
      0.5216607377687994,
      0.5714344143180449,
      0.6117035039116847,
      0.658245013250249,
      0.7173516552972332,
      0.7741279219274998,
      0.8245454626232936,
      0.8720091865230618,
      0.9212644215710489,
      1.0
    ],
    "isomer": [
      0.0,
      0.04628846058550143,
      0.08304117699479435,
      0.12106948939852784,
      0.1615483232728844,
      0.20832418438977504,
      0.26440046436274645,
      0.3415087942903196,
      0.48263342284933064,
      0.6615447585661407,
      1.0
    ],
    "oasis": [
      0.0,
      0.09127297252416611,
      0.11651758849620819,
      0.1380588412284851,
      0.15345919132232666,
      0.18334832787513733,
      0.2286815643310547,
      0.3141367435455322,
      0.4953049421310425,
      0.7519505023956299,
      1.0
    ],
    "oasis_projected": [
      0.0,
      0.046287524647246434,
      0.08303385688494787,
      0.12204235472115231,
      0.158652941604828,
      0.20535356708666153,
      0.2605643147576848,
      0.3446136070444761,
      0.48183647528376194,
      0.6641829360016327,
      1.0
    ],
    "oasis_soft_projection": [
      0.0,
      0.04624698241839687,
      0.08710317507857876,
      0.1271552179343425,
      0.15877802148957607,
      0.20081022270425877,
      0.2555497856341513,
      0.34804744083301,
      0.4841518854220018,
      0.6721602299276169,
      1.0
    ],
    "fresh": [
      0.0,
      0.04647763396440298,
      0.08308836674717282,
      0.12086619374582372,
      0.16117408593730304,
      0.20707482422896506,
      0.26331150914010354,
      0.34103954238152323,
      0.48191334149200754,
      0.6611349503425754,
      1.0
    ],
    "hybrid": [
      0.0,
      0.04628846058550143,
      0.08304117699479435,
      0.12106948939852784,
      0.1615483232728844,
      0.20832418438977504,
      0.26440046436274645,
      0.3415087942903196,
      0.48263342284933064,
      0.6615447585661407,
      1.0
    ],
    "aggressive_hybrid": [
      0.0,
      0.04628846058550143,
      0.08304117699479435,
      0.12106948939852784,
      0.1615483232728844,
      0.20832418438977504,
      0.26440046436274645,
      0.3415087942903196,
      0.48263342284933064,
      0.6615447585661407,
      1.0
    ],
    "calibrated_hybrid": [
      0.0,
      0.04628846058550143,
      0.08304117699479435,
      0.12106948939852784,
      0.1615483232728844,
      0.20832418438977504,
      0.26440046436274645,
      0.3415087942903196,
      0.48263342284933064,
      0.6615447585661407,
      1.0
    ]
  }
}