{
  "hybrid_choice": "oasis_projected",
  "boundaries": {
    "stale": [
      0.0,
      0.046372797838636334,
      0.0825864972123704,
      0.12000148733663805,
      0.16065619179725635,
      0.20752143952556237,
      0.26435777303824687,
      0.34273652252682973,
      0.48909023381727723,
      0.6634162605305327,
      1.0
    ],
    "isomer": [
      0.0,
      0.24189996066220354,
      0.27939230386890684,
      0.32539672915784773,
      0.39626091901993415,
      0.4821632639891069,
      0.5831600270266714,
      0.7060177094690968,
      0.8438742805482875,
      0.8920864736300796,
      1.0
    ],
    "oasis": [
      0.0,
      0.16749009490013123,
      0.39354193210601807,
      0.5374034643173218,
      0.6075318455696106,
      0.6449198722839355,
      0.6749833226203918,
      0.6925536394119263,
      0.7550053000450134,
      0.8587905764579773,
      1.0
    ],
    "oasis_projected": [
      0.0,
      0.41952800473196145,
      0.5505639860206262,
      0.6148110707738547,
      0.650984414708371,
      0.6786512230360839,
      0.7060298492484851,
      0.7781304237068905,
      0.8467966626628298,
      0.8968481307291316,
      1.0
    ],
    "oasis_soft_projection": [
      0.0,
      0.3761578352602911,
      0.5297800527596178,
      0.6054925484513842,
      0.6447266639042283,
      0.6753126637308383,
      0.6952175778133456,
      0.7619140612729545,
      0.8421878065657363,
      0.8945482812482851,
      1.0
    ],
    "fresh": [
      0.0,
      0.522125248656935,
      0.571769986693826,
      0.6125182871967373,
      0.6593600169744271,
      0.7185080051880075,
      0.7745005546259206,
      0.8246013320119567,
      0.8718749450743924,
      0.9210257181755411,
      1.0
    ],
    "hybrid": [
      0.0,
      0.41952800473196145,
      0.5505639860206262,
      0.6148110707738547,
      0.650984414708371,
      0.6786512230360839,
      0.7060298492484851,
      0.7781304237068905,
      0.8467966626628298,
      0.8968481307291316,
      1.0
    ],
    "aggressive_hybrid": [
      0.0,
      0.41799892846602843,
      0.5534636621437096,
      0.618300309433486,
      0.655352692534064,
      0.6821174751499635,
      0.7215962866184135,
      0.8093939424162286,
      0.8541150230922306,
      0.8990334745885137,
      1.0
    ],
    "calibrated_hybrid": [
      0.0,
      0.41952800473196145,
      0.5505639860206262,
      0.6148110707738547,
      0.650984414708371,
      0.6786512230360839,
      0.7060298492484851,
      0.7781304237068905,
      0.8467966626628298,
      0.8968481307291316,
      1.0
    ]
  }
}