{
  "hybrid_choice": "oasis_projected",
  "boundaries": {
    "stale": [
      0.0,
      0.5212796113757183,
      0.5700105341529139,
      0.6108913584199853,
      0.6572078919816757,
      0.7159887465637949,
      0.7719889147167797,
      0.8234196183224014,
      0.8713013510021211,
      0.9206686997788787,
      1.0
    ],
    "isomer": [
      0.0,
      0.044696442556495006,
      0.08235503457519185,
      0.1213060710249636,
      0.16025710747473537,
      0.24741168732096722,
      0.5591967765806505,
      0.6325357394730172,
      0.6797179679251738,
      0.7108648628526865,
      1.0
    ],
    "oasis": [
      0.0,
      0.12735193238400436,
      0.12735193238400436,
      0.12735193238400436,
      0.13546043266192476,
      0.15765809565627953,
      0.18231509721052563,
      0.2254050748872063,
      0.2756655395905758,
      0.48171752744639285,
      1.0
    ],
    "oasis_projected": [
      0.0,
      0.0510885194437965,
      0.12486305533019247,
      0.13754814367535817,
      0.16277800306218096,
      0.20215345802112758,
      0.2374576708936379,
      0.2796241243311289,
      0.40618693520624205,
      0.5594320546007198,
      1.0
    ],
    "oasis_soft_projection": [
      0.0,
      0.05838289484626702,
      0.12899533382366474,
      0.14052080851073473,
      0.16390276086898894,
      0.1989798895563699,
      0.23529780525159058,
      0.2770902829000136,
      0.40756565577538945,
      0.5689005576071434,
      1.0
    ],
    "fresh": [
      0.0,
      0.045914302710722214,
      0.08282416510258202,
      0.120038574718059,
      0.1597714000409735,
      0.20491455373488832,
      0.2618840131041197,
      0.33931859344748827,
      0.48300526023370827,
      0.6589347365022781,
      1.0
    ],
    "hybrid": [
      0.0,
      0.0510885194437965,
      0.12486305533019247,
      0.13754814367535817,
      0.16277800306218096,
      0.20215345802112758,
      0.2374576708936379,
      0.2796241243311289,
      0.40618693520624205,
      0.5594320546007198,
      1.0
    ],
    "aggressive_hybrid": [
      0.0,
      0.05230560402340477,
      0.12755578656836644,
      0.137436895159248,
      0.16142907905618537,
      0.20026018490087144,
      0.24186415363335637,
      0.324807935512224,
      0.42414064042191224,
      0.5681212284464751,
      1.0
    ],
    "calibrated_hybrid": [
      0.0,
      0.0510885194437965,
      0.12486305533019247,
      0.13754814367535817,
      0.16277800306218096,
      0.20215345802112758,
      0.2374576708936379,
      0.2796241243311289,
      0.40618693520624205,
      0.5594320546007198,
      1.0
    ]
  }
}