{
  "hybrid_choice": "oasis_projected",
  "boundaries": {
    "stale": [
      0.0,
      0.5215505592168417,
      0.5710650726777264,
      0.6104822078367748,
      0.6575992550503394,
      0.7177968959160896,
      0.774118751594725,
      0.8250402786440153,
      0.872732602721065,
      0.9224710992352334,
      1.0
    ],
    "isomer": [
      0.0,
      0.046029975939736234,
      0.08320720802686304,
      0.12072676881168568,
      0.16133581375668027,
      0.21674247148206277,
      0.2759382887867934,
      0.4744267009007424,
      0.5950486127525263,
      0.6753891558301747,
      1.0
    ],
    "oasis": [
      0.0,
      0.08199016749858856,
      0.10631678998470306,
      0.12602411210536957,
      0.14083172380924225,
      0.17069070041179657,
      0.21427980065345764,
      0.29995471239089966,
      0.47978323698043823,
      0.7306606769561768,
      1.0
    ],
    "oasis_projected": [
      0.0,
      0.05207445662656046,
      0.09146586364222953,
      0.12231443587055417,
      0.16202496153045481,
      0.19804716222270413,
      0.25316170445033254,
      0.3401852424912591,
      0.47440195080928144,
      0.6598058658205543,
      1.0
    ],
    "oasis_soft_projection": [
      0.0,
      0.05506095364046869,
      0.0931277741604056,
      0.12628487899007967,
      0.16112764601986154,
      0.1962949933280641,
      0.2500111374152208,
      0.34160826572917835,
      0.47574235854108937,
      0.6612454521608906,
      1.0
    ],
    "fresh": [
      0.0,
      0.04615547908359006,
      0.08246151514018003,
      0.120218681418996,
      0.1606892694545778,
      0.20679303076489836,
      0.26320564447404254,
      0.34058407366702004,
      0.48128212033502027,
      0.6606475598474163,
      1.0
    ],
    "hybrid": [
      0.0,
      0.05207445662656046,
      0.09146586364222953,
      0.12231443587055417,
      0.16202496153045481,
      0.19804716222270413,
      0.25316170445033254,
      0.3401852424912591,
      0.47440195080928144,
      0.6598058658205543,
      1.0
    ],
    "aggressive_hybrid": [
      0.0,
      0.05207445662656046,
      0.09146586364222953,
      0.12231443587055417,
      0.16202496153045481,
      0.19804716222270413,
      0.25316170445033254,
      0.3401852424912591,
      0.47440195080928144,
      0.6598058658205543,
      1.0
    ],
    "calibrated_hybrid": [
      0.0,
      0.05207445662656046,
      0.09146586364222953,
      0.12231443587055417,
      0.16202496153045481,
      0.19804716222270413,
      0.25316170445033254,
      0.3401852424912591,
      0.47440195080928144,
      0.6598058658205543,
      1.0
    ]
  }
}