{
  "hybrid_choice": "oasis_projected",
  "boundaries": {
    "stale": [
      0.0,
      0.5215505592168417,
      0.5710650726777264,
      0.6104822078367748,
      0.6575992550503394,
      0.7177968959160896,
      0.774118751594725,
      0.8250402786440153,
      0.872732602721065,
      0.9224710992352334,
      1.0
    ],
    "isomer": [
      0.0,
      0.04462602224066084,
      0.08204961529582785,
      0.12183481229606138,
      0.16162000929629494,
      0.24809742267531437,
      0.5595812239198097,
      0.6324801731278832,
      0.6810377986406863,
      0.7121028955141292,
      1.0
    ],
    "oasis": [
      0.0,
      0.07768762111663818,
      0.10200675576925278,
      0.12241322547197342,
      0.1388954222202301,
      0.17134425044059753,
      0.21851760149002075,
      0.2982122302055359,
      0.47109514474868774,
      0.7293691039085388,
      1.0000001192092896
    ],
    "oasis_projected": [
      0.0,
      0.05040411284292337,
      0.08947195408044274,
      0.12334477661312114,
      0.15928843504095744,
      0.20393480123348537,
      0.2506225359349647,
      0.318064547242514,
      0.4457353433937808,
      0.6254725526191888,
      1.0
    ],
    "oasis_soft_projection": [
      0.0,
      0.056187682392039306,
      0.09545934097656672,
      0.12494575821907385,
      0.15760328085284486,
      0.20218360607837968,
      0.2524501774763086,
      0.33241186995335653,
      0.4616157801057331,
      0.6495386659102369,
      1.0
    ],
    "fresh": [
      0.0,
      0.04615547908359006,
      0.08246151514018003,
      0.120218681418996,
      0.1606892694545778,
      0.20679303076489836,
      0.26320564447404254,
      0.34058407366702004,
      0.48128212033502027,
      0.6606475598474163,
      1.0
    ],
    "hybrid": [
      0.0,
      0.05040411284292337,
      0.08947195408044274,
      0.12334477661312114,
      0.15928843504095744,
      0.20393480123348537,
      0.2506225359349647,
      0.318064547242514,
      0.4457353433937808,
      0.6254725526191888,
      1.0
    ],
    "aggressive_hybrid": [
      0.0,
      0.05040411284292337,
      0.08947195408044274,
      0.12334477661312114,
      0.15928843504095744,
      0.20393480123348537,
      0.2506225359349647,
      0.318064547242514,
      0.4457353433937808,
      0.6254725526191888,
      1.0
    ],
    "calibrated_hybrid": [
      0.0,
      0.05040411284292337,
      0.08947195408044274,
      0.12334477661312114,
      0.15928843504095744,
      0.20393480123348537,
      0.2506225359349647,
      0.318064547242514,
      0.4457353433937808,
      0.6254725526191888,
      1.0
    ]
  }
}