{
  "hybrid_choice": "oasis_projected",
  "boundaries": {
    "stale": [
      0.0,
      0.04657620100042175,
      0.08347856035325792,
      0.12074851199485429,
      0.16131384673773141,
      0.2080359914514765,
      0.2647191621083884,
      0.3424792385145863,
      0.4855451389337328,
      0.6620685253584908,
      1.0
    ],
    "isomer": [
      0.0,
      0.31164362642834886,
      0.5227254544717056,
      0.6074247189692417,
      0.6424105206669244,
      0.6914116347911347,
      0.7583874831400031,
      0.8248450998056222,
      0.8720580332540881,
      0.9227137855847684,
      1.0
    ],
    "oasis": [
      0.0,
      0.1572112888097763,
      0.42857682704925537,
      0.5422789454460144,
      0.5979573130607605,
      0.6288057565689087,
      0.6588475704193115,
      0.6773794293403625,
      0.7347187995910645,
      0.843451738357544,
      1.0000001192092896
    ],
    "oasis_projected": [
      0.0,
      0.4639192601348159,
      0.5668396206121412,
      0.6132529159903285,
      0.6447772157470197,
      0.6693634983414078,
      0.7119700740749079,
      0.8042069795544484,
      0.864371964917307,
      0.9146014309309669,
      1.0
    ],
    "oasis_soft_projection": [
      0.0,
      0.4392906347117143,
      0.562758129794781,
      0.6115929267371076,
      0.6424727950748437,
      0.6675176677772879,
      0.7049460535127863,
      0.7883977454644348,
      0.8572972383906611,
      0.912651961114505,
      1.0
    ],
    "fresh": [
      0.0,
      0.5212714215751602,
      0.5713019475631738,
      0.6119514132618182,
      0.6583186482604394,
      0.716652560631399,
      0.7731039880924366,
      0.823607061889887,
      0.8709471755564938,
      0.9206871531173294,
      1.0
    ],
    "hybrid": [
      0.0,
      0.4639192601348159,
      0.5668396206121412,
      0.6132529159903285,
      0.6447772157470197,
      0.6693634983414078,
      0.7119700740749079,
      0.8042069795544484,
      0.864371964917307,
      0.9146014309309669,
      1.0
    ],
    "aggressive_hybrid": [
      0.0,
      0.45555375808302795,
      0.5623372159714932,
      0.6124651087828088,
      0.6460935912583613,
      0.671460826823205,
      0.7224362470170675,
      0.8259227254507822,
      0.8683675800611956,
      0.9119925214144196,
      1.0000001192092896
    ],
    "calibrated_hybrid": [
      0.0,
      0.4639192601348159,
      0.5668396206121412,
      0.6132529159903285,
      0.6447772157470197,
      0.6693634983414078,
      0.7119700740749079,
      0.8042069795544484,
      0.864371964917307,
      0.9146014309309669,
      1.0
    ]
  }
}