{
  "hybrid_choice": "isomer",
  "boundaries": {
    "stale": [
      0.0,
      0.5215505592168417,
      0.5710650726777264,
      0.6104822078367748,
      0.6575992550503394,
      0.7177968959160896,
      0.774118751594725,
      0.8250402786440153,
      0.872732602721065,
      0.9224710992352334,
      1.0
    ],
    "isomer": [
      0.0,
      0.04597443636700754,
      0.08235231633967777,
      0.12061184454433559,
      0.16123204862294704,
      0.20818598380311962,
      0.26443907766773345,
      0.3413596081040894,
      0.4820216105708353,
      0.6613291870489824,
      1.0
    ],
    "oasis": [
      0.0,
      0.12689460597247332,
      0.12689460597247332,
      0.12689460597247332,
      0.12689460597247332,
      0.15420938865665457,
      0.16175388753223674,
      0.21096620940004251,
      0.27603336680309587,
      0.4745490343498076,
      1.0
    ],
    "oasis_projected": [
      0.0,
      0.04597382508450234,
      0.08234472892266963,
      0.12955409809143584,
      0.15952569561651725,
      0.20599402985992088,
      0.2634616608954213,
      0.3441400840893714,
      0.48113332910866724,
      0.6637847421300698,
      1.0
    ],
    "fresh": [
      0.0,
      0.04615547908359006,
      0.08246151514018003,
      0.120218681418996,
      0.1606892694545778,
      0.20679303076489836,
      0.26320564447404254,
      0.34058407366702004,
      0.48128212033502027,
      0.6606475598474163,
      1.0
    ],
    "hybrid": [
      0.0,
      0.04597443636700754,
      0.08235231633967777,
      0.12061184454433559,
      0.16123204862294704,
      0.20818598380311962,
      0.26443907766773345,
      0.3413596081040894,
      0.4820216105708353,
      0.6613291870489824,
      1.0
    ],
    "aggressive_hybrid": [
      0.0,
      0.04597443636700754,
      0.08235231633967777,
      0.12061184454433559,
      0.16123204862294704,
      0.20818598380311962,
      0.26443907766773345,
      0.3413596081040894,
      0.4820216105708353,
      0.6613291870489824,
      1.0
    ]
  }
}