{
  "hybrid_choice": "isomer",
  "boundaries": {
    "stale": [
      0.0,
      0.1919423001518592,
      0.22346915315705276,
      0.2500909612531388,
      0.2801899813137827,
      0.33624068517569256,
      0.7169168041806864,
      0.7590528380356949,
      0.7934678643027271,
      0.8322281434744253,
      1.0
    ],
    "isomer": [
      0.0,
      0.32025809828194846,
      0.370973688383936,
      0.40386568236106146,
      0.43425336252960905,
      0.4663813954396665,
      0.5044326476986695,
      0.5644213479039784,
      0.6825448786921647,
      0.8051738283480235,
      1.0
    ],
    "oasis": [
      0.0,
      0.25427778604116985,
      0.37318365688662564,
      0.4528362011605593,
      0.5492638333352602,
      0.5492638333352602,
      0.6487823761651377,
      0.681201719895703,
      0.6876152813053156,
      0.7020243482774392,
      1.0
    ],
    "oasis_projected": [
      0.0,
      0.32379988776173974,
      0.3711251779445941,
      0.4038669468906325,
      0.43424335214309945,
      0.4663380734767784,
      0.5040921102302586,
      0.5756752225422201,
      0.6822521241993694,
      0.8107782627792477,
      1.0
    ],
    "fresh": [
      0.0,
      0.32894205942560845,
      0.3714821726859599,
      0.40405185051557274,
      0.4342727465525151,
      0.4654581685568909,
      0.503451285869895,
      0.5627243946779047,
      0.6822490272314865,
      0.8038410023476595,
      1.0
    ],
    "hybrid": [
      0.0,
      0.32025809828194846,
      0.370973688383936,
      0.40386568236106146,
      0.43425336252960905,
      0.4663813954396665,
      0.5044326476986695,
      0.5644213479039784,
      0.6825448786921647,
      0.8051738283480235,
      1.0
    ],
    "aggressive_hybrid": [
      0.0,
      0.32025809828194846,
      0.370973688383936,
      0.40386568236106146,
      0.43425336252960905,
      0.4663813954396665,
      0.5044326476986695,
      0.5644213479039784,
      0.6825448786921647,
      0.8051738283480235,
      1.0
    ]
  }
}