{
  "hybrid_choice": "oasis_projected",
  "boundaries": {
    "stale": [
      0.0,
      0.5216250634381033,
      0.5713572733713465,
      0.6118916257364482,
      0.65904635510691,
      0.7187847282313116,
      0.7748821203634029,
      0.8248988632213465,
      0.8723884541501874,
      0.9220766037982971,
      1.0
    ],
    "isomer": [
      0.0,
      0.046168053912238105,
      0.08299866429784453,
      0.1202751601898286,
      0.16096865165872049,
      0.21635453100964172,
      0.275632547207122,
      0.47363354759247767,
      0.5954508123615424,
      0.675288703409518,
      1.0
    ],
    "oasis": [
      0.0,
      0.08191046863794327,
      0.10633064806461334,
      0.12659667432308197,
      0.1414317786693573,
      0.17114168405532837,
      0.21470382809638977,
      0.2990739941596985,
      0.47860726714134216,
      0.7292225360870361,
      1.0
    ],
    "oasis_projected": [
      0.0,
      0.052250192038248974,
      0.09130651962231703,
      0.1220303777391189,
      0.1616522605560243,
      0.1977871103030164,
      0.25257102409179494,
      0.33988480071951443,
      0.47417189912216345,
      0.6600388894224936,
      1.0
    ],
    "oasis_soft_projection": [
      0.0,
      0.05515812132195305,
      0.09298844701003747,
      0.12640439100785092,
      0.16083631895115594,
      0.1960079027918503,
      0.24930874469265252,
      0.3409933531983587,
      0.4751074745200551,
      0.6609155708103892,
      1.0
    ],
    "fresh": [
      0.0,
      0.046210899732818986,
      0.0826772837103902,
      0.11991863987523714,
      0.16045025017141415,
      0.20701170911982378,
      0.2637715701412526,
      0.34011616382250004,
      0.4823940252703431,
      0.6605299948437998,
      1.0
    ],
    "hybrid": [
      0.0,
      0.052250192038248974,
      0.09130651962231703,
      0.1220303777391189,
      0.1616522605560243,
      0.1977871103030164,
      0.25257102409179494,
      0.33988480071951443,
      0.47417189912216345,
      0.6600388894224936,
      1.0
    ],
    "aggressive_hybrid": [
      0.0,
      0.052250192038248974,
      0.09130651962231703,
      0.1220303777391189,
      0.1616522605560243,
      0.1977871103030164,
      0.25257102409179494,
      0.33988480071951443,
      0.47417189912216345,
      0.6600388894224936,
      1.0
    ],
    "calibrated_hybrid": [
      0.0,
      0.052250192038248974,
      0.09130651962231703,
      0.1220303777391189,
      0.1616522605560243,
      0.1977871103030164,
      0.25257102409179494,
      0.33988480071951443,
      0.47417189912216345,
      0.6600388894224936,
      1.0
    ]
  }
}