{
  "hybrid_choice": "oasis_projected",
  "boundaries": {
    "stale": [
      0.0,
      0.5212796113757183,
      0.5700105341529139,
      0.6108913584199853,
      0.6572078919816757,
      0.7159887465637949,
      0.7719889147167797,
      0.8234196183224014,
      0.8713013510021211,
      0.9206686997788787,
      1.0
    ],
    "isomer": [
      0.0,
      0.04546592651583909,
      0.08264796227755636,
      0.11999790867857588,
      0.15992056827217122,
      0.21514064398469662,
      0.27454236152227757,
      0.4737254062247709,
      0.5944571017449963,
      0.6740809174393714,
      1.0
    ],
    "oasis": [
      0.0,
      0.1309301565949326,
      0.1309301565949326,
      0.1309301565949326,
      0.13749917326785444,
      0.15953641833787235,
      0.1809133140541126,
      0.22912105181080578,
      0.28453219724499956,
      0.49418004193530896,
      1.0
    ],
    "oasis_projected": [
      0.0,
      0.04547295686096718,
      0.08266195190543074,
      0.1322281030285398,
      0.16011950781347495,
      0.19333631836050588,
      0.24647734403428784,
      0.33438438479336496,
      0.4419315005626765,
      0.6373147545174598,
      1.0
    ],
    "oasis_soft_projection": [
      0.0,
      0.0473218489777308,
      0.09241132157036916,
      0.13606723009535268,
      0.16199723463001617,
      0.18951841317313559,
      0.2390909153370065,
      0.32255185567009265,
      0.4340051541850949,
      0.6177752927253874,
      1.0
    ],
    "fresh": [
      0.0,
      0.045914302710722214,
      0.08282416510258202,
      0.120038574718059,
      0.1597714000409735,
      0.20491455373488832,
      0.2618840131041197,
      0.33931859344748827,
      0.48300526023370827,
      0.6589347365022781,
      1.0
    ],
    "hybrid": [
      0.0,
      0.04547295686096718,
      0.08266195190543074,
      0.1322281030285398,
      0.16011950781347495,
      0.19333631836050588,
      0.24647734403428784,
      0.33438438479336496,
      0.4419315005626765,
      0.6373147545174598,
      1.0
    ],
    "aggressive_hybrid": [
      0.0,
      0.04547295686096718,
      0.08266195190543074,
      0.1322281030285398,
      0.16011950781347495,
      0.19333631836050588,
      0.24647734403428784,
      0.33438438479336496,
      0.4419315005626765,
      0.6373147545174598,
      1.0
    ],
    "calibrated_hybrid": [
      0.0,
      0.04547295686096718,
      0.08266195190543074,
      0.1322281030285398,
      0.16011950781347495,
      0.19333631836050588,
      0.24647734403428784,
      0.33438438479336496,
      0.4419315005626765,
      0.6373147545174598,
      1.0
    ]
  }
}