{
  "hybrid_choice": "oasis_projected",
  "boundaries": {
    "stale": [
      0.0,
      0.04657620100042175,
      0.08347856035325792,
      0.12074851199485429,
      0.16131384673773141,
      0.2080359914514765,
      0.2647191621083884,
      0.3424792385145863,
      0.4855451389337328,
      0.6620685253584908,
      1.0
    ],
    "isomer": [
      0.0,
      0.4674991328459226,
      0.5454283367071439,
      0.6112619708178666,
      0.6544118670649332,
      0.7140473378993006,
      0.7696313439784284,
      0.8244202094637436,
      0.8729602550774649,
      0.9215598000482149,
      1.0
    ],
    "oasis": [
      0.0,
      0.16822265088558197,
      0.4359360933303833,
      0.5591991543769836,
      0.6188193559646606,
      0.6477281451225281,
      0.6752923727035522,
      0.6941657662391663,
      0.756695032119751,
      0.8645226359367371,
      1.0
    ],
    "oasis_projected": [
      0.0,
      0.49642481611644684,
      0.5729796401544089,
      0.6187879456757377,
      0.6604258382643617,
      0.6874151677656275,
      0.7376565405873029,
      0.8231113833198442,
      0.8663164996996141,
      0.9201024460506564,
      1.0
    ],
    "oasis_soft_projection": [
      0.0,
      0.4863253198653501,
      0.574303149646554,
      0.6236431052033184,
      0.6600979134102559,
      0.6858455439516227,
      0.7301024630017174,
      0.8174270238926451,
      0.8628257963023219,
      0.9170450864136045,
      1.0
    ],
    "fresh": [
      0.0,
      0.5212714215751602,
      0.5713019475631738,
      0.6119514132618182,
      0.6583186482604394,
      0.716652560631399,
      0.7731039880924366,
      0.823607061889887,
      0.8709471755564938,
      0.9206871531173294,
      1.0
    ],
    "hybrid": [
      0.0,
      0.49642481611644684,
      0.5729796401544089,
      0.6187879456757377,
      0.6604258382643617,
      0.6874151677656275,
      0.7376565405873029,
      0.8231113833198442,
      0.8663164996996141,
      0.9201024460506564,
      1.0
    ],
    "aggressive_hybrid": [
      0.0,
      0.49642481611644684,
      0.5729796401544089,
      0.6187879456757377,
      0.6604258382643617,
      0.6874151677656275,
      0.7376565405873029,
      0.8231113833198442,
      0.8663164996996141,
      0.9201024460506564,
      1.0
    ],
    "calibrated_hybrid": [
      0.0,
      0.49642481611644684,
      0.5729796401544089,
      0.6187879456757377,
      0.6604258382643617,
      0.6874151677656275,
      0.7376565405873029,
      0.8231113833198442,
      0.8663164996996141,
      0.9201024460506564,
      1.0
    ]
  }
}