{
  "hybrid_choice": "isomer",
  "boundaries": {
    "stale": [
      0.0,
      0.19258462775259175,
      0.22384637717687045,
      0.25066881666183,
      0.28062941686752085,
      0.3384833760367146,
      0.7174560420470236,
      0.7591709443717979,
      0.7937844840022084,
      0.8326693052934637,
      1.0
    ],
    "isomer": [
      0.0,
      0.32177928735505873,
      0.3714256443236502,
      0.4037562876345713,
      0.4340600331370353,
      0.465996152390639,
      0.5034164822184948,
      0.5611739101669313,
      0.6793345534777028,
      0.8053420692281444,
      1.0
    ],
    "oasis": [
      0.0,
      0.25544571609280686,
      0.373643962327158,
      0.45315399098530373,
      0.5489678359183789,
      0.5489678359183789,
      0.64703206909115,
      0.6791301922839846,
      0.6867063413048919,
      0.7018280813440101,
      1.0
    ],
    "oasis_projected": [
      0.0,
      0.32463436432285675,
      0.3715894710408526,
      0.40375766656185424,
      0.4340513708236688,
      0.46595954199537276,
      0.5031269401701943,
      0.5703316334705102,
      0.6790658687134727,
      0.8104925859750213,
      1.0
    ],
    "fresh": [
      0.0,
      0.3298447899178608,
      0.37182418918738697,
      0.4037454686192435,
      0.43390156309459327,
      0.4651708268506478,
      0.5024514331807716,
      0.5600237643679312,
      0.6790446368969802,
      0.804439610423238,
      1.0
    ],
    "hybrid": [
      0.0,
      0.32177928735505873,
      0.3714256443236502,
      0.4037562876345713,
      0.4340600331370353,
      0.465996152390639,
      0.5034164822184948,
      0.5611739101669313,
      0.6793345534777028,
      0.8053420692281444,
      1.0
    ],
    "aggressive_hybrid": [
      0.0,
      0.32177928735505873,
      0.3714256443236502,
      0.4037562876345713,
      0.4340600331370353,
      0.465996152390639,
      0.5034164822184948,
      0.5611739101669313,
      0.6793345534777028,
      0.8053420692281444,
      1.0
    ]
  }
}