{
  "hybrid_choice": "isomer",
  "boundaries": {
    "stale": [
      0.0,
      0.19258462775259175,
      0.22384637717687045,
      0.25066881666183,
      0.28062941686752085,
      0.3384833760367146,
      0.7174560420470236,
      0.7591709443717979,
      0.7937844840022084,
      0.8326693052934637,
      1.0
    ],
    "isomer": [
      0.0,
      0.32177928735505873,
      0.3714256443236502,
      0.4037562876345713,
      0.4340600331370353,
      0.465996152390639,
      0.5034164822184948,
      0.5611739101669313,
      0.6793345534777028,
      0.8053420692281444,
      1.0
    ],
    "oasis": [
      0.0,
      0.29137173295021057,
      0.3384326100349426,
      0.3557012677192688,
      0.36379876732826233,
      0.3717271089553833,
      0.4111643433570862,
      0.4220176935195923,
      0.4406290054321289,
      0.4934353530406952,
      1.0
    ],
    "oasis_projected": [
      0.0,
      0.32885187379142555,
      0.3678951521478524,
      0.41108439677213593,
      0.433996941605019,
      0.4639454159769554,
      0.490580164921807,
      0.5635926905671339,
      0.6789937717171901,
      0.8078595806664428,
      1.0
    ],
    "oasis_soft_projection": [
      0.0,
      0.3407401834106321,
      0.36593065301952443,
      0.4118301461705472,
      0.43006158699049746,
      0.4573564262248817,
      0.48534806804672276,
      0.5726635159468715,
      0.684727173004152,
      0.8190385998618243,
      1.0
    ],
    "fresh": [
      0.0,
      0.3298447899178608,
      0.37182418918738697,
      0.4037454686192435,
      0.43390156309459327,
      0.4651708268506478,
      0.5024514331807716,
      0.5600237643679312,
      0.6790446368969802,
      0.804439610423238,
      1.0
    ],
    "hybrid": [
      0.0,
      0.32177928735505873,
      0.3714256443236502,
      0.4037562876345713,
      0.4340600331370353,
      0.465996152390639,
      0.5034164822184948,
      0.5611739101669313,
      0.6793345534777028,
      0.8053420692281444,
      1.0
    ],
    "aggressive_hybrid": [
      0.0,
      0.32177928735505873,
      0.3714256443236502,
      0.4037562876345713,
      0.4340600331370353,
      0.465996152390639,
      0.5034164822184948,
      0.5611739101669313,
      0.6793345534777028,
      0.8053420692281444,
      1.0
    ],
    "calibrated_hybrid": [
      0.0,
      0.32177928735505873,
      0.3714256443236502,
      0.4037562876345713,
      0.4340600331370353,
      0.465996152390639,
      0.5034164822184948,
      0.5611739101669313,
      0.6793345534777028,
      0.8053420692281444,
      1.0
    ]
  }
}