{
  "hybrid_choice": "isomer",
  "boundaries": {
    "stale": [
      0.0,
      0.5216250634381033,
      0.5713572733713465,
      0.6118916257364482,
      0.65904635510691,
      0.7187847282313116,
      0.7748821203634029,
      0.8248988632213465,
      0.8723884541501874,
      0.9220766037982971,
      1.0
    ],
    "isomer": [
      0.0,
      0.04613567865983286,
      0.0825383719715583,
      0.1201829531345522,
      0.16089248295789105,
      0.2082579025707017,
      0.2647879523407627,
      0.34133097147951447,
      0.48300866017173527,
      0.661580291680323,
      1.0
    ],
    "oasis": [
      0.0,
      0.0912909209728241,
      0.11651692539453506,
      0.13820897042751312,
      0.1538039594888687,
      0.18400107324123383,
      0.22882811725139618,
      0.3136690855026245,
      0.4951176643371582,
      0.7538548111915588,
      1.0
    ],
    "oasis_projected": [
      0.0,
      0.04613499038444514,
      0.08253176930464595,
      0.12121866639454541,
      0.15782401155573011,
      0.20526871763632223,
      0.2611691992534269,
      0.34444665380912964,
      0.4823184588507118,
      0.6641784612588333,
      1.0
    ],
    "oasis_soft_projection": [
      0.0,
      0.046109690725916815,
      0.08641064868386292,
      0.1267526805555076,
      0.15807269437477944,
      0.20042022826442812,
      0.25589219536316005,
      0.348031412199891,
      0.4843823792998472,
      0.6727698658693465,
      1.0
    ],
    "fresh": [
      0.0,
      0.046210899732818986,
      0.0826772837103902,
      0.11991863987523714,
      0.16045025017141415,
      0.20701170911982378,
      0.2637715701412526,
      0.34011616382250004,
      0.4823940252703431,
      0.6605299948437998,
      1.0
    ],
    "hybrid": [
      0.0,
      0.04613567865983286,
      0.0825383719715583,
      0.1201829531345522,
      0.16089248295789105,
      0.2082579025707017,
      0.2647879523407627,
      0.34133097147951447,
      0.48300866017173527,
      0.661580291680323,
      1.0
    ],
    "aggressive_hybrid": [
      0.0,
      0.04613567865983286,
      0.0825383719715583,
      0.1201829531345522,
      0.16089248295789105,
      0.2082579025707017,
      0.2647879523407627,
      0.34133097147951447,
      0.48300866017173527,
      0.661580291680323,
      1.0
    ],
    "calibrated_hybrid": [
      0.0,
      0.04613567865983286,
      0.0825383719715583,
      0.1201829531345522,
      0.16089248295789105,
      0.2082579025707017,
      0.2647879523407627,
      0.34133097147951447,
      0.48300866017173527,
      0.661580291680323,
      1.0
    ]
  }
}