{
  "hybrid_choice": "isomer",
  "boundaries": {
    "stale": [
      0.0,
      0.5212796113757183,
      0.5700105341529139,
      0.6108913584199853,
      0.6572078919816757,
      0.7159887465637949,
      0.7719889147167797,
      0.8234196183224014,
      0.8713013510021211,
      0.9206686997788787,
      1.0
    ],
    "isomer": [
      0.0,
      0.04568589991299032,
      0.08253113793662491,
      0.11996998115438137,
      0.1599409801661115,
      0.2065188809653437,
      0.26327387896729504,
      0.3408367853514586,
      0.4837137404281379,
      0.6602665127308867,
      1.0
    ],
    "oasis": [
      0.0,
      0.09082113951444626,
      0.11541052162647247,
      0.13717946410179138,
      0.15247134864330292,
      0.1820964217185974,
      0.22662703692913055,
      0.3133338987827301,
      0.4951271414756775,
      0.7516423463821411,
      0.9999999403953552
    ],
    "oasis_projected": [
      0.0,
      0.04568495299329366,
      0.0825238858397104,
      0.12083600041613797,
      0.15696373850262865,
      0.20338714172028716,
      0.2595208587581683,
      0.3438405717549455,
      0.4829287514118158,
      0.6628043811056341,
      1.0
    ],
    "oasis_soft_projection": [
      0.0,
      0.045635676183428606,
      0.0864262119418659,
      0.1259385780412677,
      0.1572178830936328,
      0.19883332853920452,
      0.2543381433553086,
      0.3477278018670468,
      0.48457700954193045,
      0.6719341904116876,
      1.0
    ],
    "fresh": [
      0.0,
      0.045914302710722214,
      0.08282416510258202,
      0.120038574718059,
      0.1597714000409735,
      0.20491455373488832,
      0.2618840131041197,
      0.33931859344748827,
      0.48300526023370827,
      0.6589347365022781,
      1.0
    ],
    "hybrid": [
      0.0,
      0.04568589991299032,
      0.08253113793662491,
      0.11996998115438137,
      0.1599409801661115,
      0.2065188809653437,
      0.26327387896729504,
      0.3408367853514586,
      0.4837137404281379,
      0.6602665127308867,
      1.0
    ],
    "aggressive_hybrid": [
      0.0,
      0.04568589991299032,
      0.08253113793662491,
      0.11996998115438137,
      0.1599409801661115,
      0.2065188809653437,
      0.26327387896729504,
      0.3408367853514586,
      0.4837137404281379,
      0.6602665127308867,
      1.0
    ],
    "calibrated_hybrid": [
      0.0,
      0.04568589991299032,
      0.08253113793662491,
      0.11996998115438137,
      0.1599409801661115,
      0.2065188809653437,
      0.26327387896729504,
      0.3408367853514586,
      0.4837137404281379,
      0.6602665127308867,
      1.0
    ]
  }
}