{
  "hybrid_choice": "oasis_projected",
  "boundaries": {
    "stale": [
      0.0,
      0.5215505592168417,
      0.5710650726777264,
      0.6104822078367748,
      0.6575992550503394,
      0.7177968959160896,
      0.774118751594725,
      0.8250402786440153,
      0.872732602721065,
      0.9224710992352334,
      1.0
    ],
    "isomer": [
      0.0,
      0.04457223972743926,
      0.082366757963871,
      0.1363141507205045,
      0.19435822026161192,
      0.25240228980271934,
      0.31044635934382675,
      0.5263158138779419,
      0.5717790539354952,
      0.7731204497988121,
      1.0
    ],
    "oasis": [
      0.0,
      0.11260364949703217,
      0.14033980667591095,
      0.1589016318321228,
      0.17115360498428345,
      0.19643260538578033,
      0.23489223420619965,
      0.3217476010322571,
      0.523207426071167,
      0.7241137623786926,
      1.0
    ],
    "oasis_projected": [
      0.0,
      0.04456621415285162,
      0.08237656059882323,
      0.13641881822891783,
      0.16118002432949888,
      0.18412906164366644,
      0.2287624852572306,
      0.34970224431314334,
      0.5122708631601518,
      0.6746882086963919,
      1.0
    ],
    "oasis_soft_projection": [
      0.0,
      0.046219358362809354,
      0.08926097222435656,
      0.1411838362771309,
      0.16274533800929755,
      0.1858652637750098,
      0.22913181558342338,
      0.34384970404040055,
      0.5097014171401965,
      0.678597775567754,
      1.0
    ],
    "fresh": [
      0.0,
      0.04615547908359006,
      0.08246151514018003,
      0.120218681418996,
      0.1606892694545778,
      0.20679303076489836,
      0.26320564447404254,
      0.34058407366702004,
      0.48128212033502027,
      0.6606475598474163,
      1.0
    ],
    "hybrid": [
      0.0,
      0.04456621415285162,
      0.08237656059882323,
      0.13641881822891783,
      0.16118002432949888,
      0.18412906164366644,
      0.2287624852572306,
      0.34970224431314334,
      0.5122708631601518,
      0.6746882086963919,
      1.0
    ],
    "aggressive_hybrid": [
      0.0,
      0.04456621415285162,
      0.08237656059882323,
      0.13641881822891783,
      0.16118002432949888,
      0.18412906164366644,
      0.2287624852572306,
      0.34970224431314334,
      0.5122708631601518,
      0.6746882086963919,
      1.0
    ],
    "calibrated_hybrid": [
      0.0,
      0.04456621415285162,
      0.08237656059882323,
      0.13641881822891783,
      0.16118002432949888,
      0.18412906164366644,
      0.2287624852572306,
      0.34970224431314334,
      0.5122708631601518,
      0.6746882086963919,
      1.0
    ]
  }
}