{
  "hybrid_choice": "oasis_projected",
  "boundaries": {
    "stale": [
      0.0,
      0.5212796113757183,
      0.5700105341529139,
      0.6108913584199853,
      0.6572078919816757,
      0.7159887465637949,
      0.7719889147167797,
      0.8234196183224014,
      0.8713013510021211,
      0.9206686997788787,
      1.0
    ],
    "isomer": [
      0.0,
      0.04464814291321896,
      0.08248734524258292,
      0.13597060379598336,
      0.19350270181408585,
      0.25103479983218835,
      0.3085668978502908,
      0.5252012988022848,
      0.5701437436474722,
      0.767836066878544,
      1.0
    ],
    "oasis": [
      0.0,
      0.11182712763547897,
      0.13893578946590424,
      0.1580895632505417,
      0.1701401323080063,
      0.19483469426631927,
      0.23303614556789398,
      0.32050660252571106,
      0.5223143696784973,
      0.7204774022102356,
      1.0
    ],
    "oasis_projected": [
      0.0,
      0.044644329235687404,
      0.0824878893081688,
      0.13511440088478652,
      0.1602951621523992,
      0.1826608385594943,
      0.22658075028457017,
      0.3469318319410935,
      0.5100530066336211,
      0.670515304133313,
      1.0
    ],
    "oasis_soft_projection": [
      0.0,
      0.046258317066693276,
      0.08930092096899162,
      0.13978826120684262,
      0.16182791189422274,
      0.18436263877528472,
      0.2269870147342352,
      0.34117915185630476,
      0.507612191661699,
      0.6745258539501473,
      1.0
    ],
    "fresh": [
      0.0,
      0.045914302710722214,
      0.08282416510258202,
      0.120038574718059,
      0.1597714000409735,
      0.20491455373488832,
      0.2618840131041197,
      0.33931859344748827,
      0.48300526023370827,
      0.6589347365022781,
      1.0
    ],
    "hybrid": [
      0.0,
      0.044644329235687404,
      0.0824878893081688,
      0.13511440088478652,
      0.1602951621523992,
      0.1826608385594943,
      0.22658075028457017,
      0.3469318319410935,
      0.5100530066336211,
      0.670515304133313,
      1.0
    ],
    "aggressive_hybrid": [
      0.0,
      0.044644329235687404,
      0.0824878893081688,
      0.13511440088478652,
      0.1602951621523992,
      0.1826608385594943,
      0.22658075028457017,
      0.3469318319410935,
      0.5100530066336211,
      0.670515304133313,
      1.0
    ],
    "calibrated_hybrid": [
      0.0,
      0.044644329235687404,
      0.0824878893081688,
      0.13511440088478652,
      0.1602951621523992,
      0.1826608385594943,
      0.22658075028457017,
      0.3469318319410935,
      0.5100530066336211,
      0.670515304133313,
      1.0
    ]
  }
}