{
  "hybrid_choice": "oasis_projected",
  "boundaries": {
    "stale": [
      0.0,
      0.5212062694979652,
      0.5712401477915283,
      0.6118478614643919,
      0.6587167731421915,
      0.7170159798156597,
      0.7732351756945919,
      0.8238650404189899,
      0.8714382601157573,
      0.9212358547282592,
      1.0
    ],
    "isomer": [
      0.0,
      0.04607130615447136,
      0.08369931468354674,
      0.12146952027780249,
      0.16199460999686022,
      0.21798688357333554,
      0.27819627171358546,
      0.4789495807560351,
      0.5964686981205377,
      0.6771547267535465,
      1.0
    ],
    "oasis": [
      0.0,
      0.08157088607549667,
      0.10604895651340485,
      0.12625889480113983,
      0.14097779989242554,
      0.16991554200649261,
      0.2134184092283249,
      0.29850345849990845,
      0.47773972153663635,
      0.7286872863769531,
      1.0000001192092896
    ],
    "oasis_projected": [
      0.0,
      0.05240939412983046,
      0.09196948544939827,
      0.12317188036100339,
      0.16246788477202628,
      0.1988681360367762,
      0.25472927402205514,
      0.34319661043033284,
      0.4759019633268169,
      0.6613431108746312,
      1.0
    ],
    "oasis_soft_projection": [
      0.0,
      0.05559310110659728,
      0.09362681489722936,
      0.12688389568065886,
      0.16151644935910253,
      0.1970288810699102,
      0.2515133047411771,
      0.3445614696335448,
      0.477252787649174,
      0.6628202374983897,
      1.0
    ],
    "fresh": [
      0.0,
      0.046207831237942434,
      0.08334308035482428,
      0.12103187894850563,
      0.16169040194241113,
      0.20853659123879514,
      0.2658087868245315,
      0.3437241931573266,
      0.48763843020688113,
      0.6624582690457288,
      1.0
    ],
    "hybrid": [
      0.0,
      0.05240939412983046,
      0.09196948544939827,
      0.12317188036100339,
      0.16246788477202628,
      0.1988681360367762,
      0.25472927402205514,
      0.34319661043033284,
      0.4759019633268169,
      0.6613431108746312,
      1.0
    ],
    "aggressive_hybrid": [
      0.0,
      0.05240939412983046,
      0.09196948544939827,
      0.12317188036100339,
      0.16246788477202628,
      0.1988681360367762,
      0.25472927402205514,
      0.34319661043033284,
      0.4759019633268169,
      0.6613431108746312,
      1.0
    ],
    "calibrated_hybrid": [
      0.0,
      0.05240939412983046,
      0.09196948544939827,
      0.12317188036100339,
      0.16246788477202628,
      0.1988681360367762,
      0.25472927402205514,
      0.34319661043033284,
      0.4759019633268169,
      0.6613431108746312,
      1.0
    ]
  }
}