{
  "hybrid_choice": "oasis_projected",
  "boundaries": {
    "stale": [
      0.0,
      0.04636386176767939,
      0.08327973231200252,
      0.120358322828919,
      0.16039200134606252,
      0.2067466873344434,
      0.2641522598010552,
      0.34253607337321657,
      0.48240565352801146,
      0.6603543701605677,
      1.0
    ],
    "isomer": [
      0.0,
      0.2585735900363977,
      0.32772878068825867,
      0.46508661397350054,
      0.6341322701768234,
      0.7167825060055864,
      0.770674948767842,
      0.8245405641084752,
      0.8728171530896008,
      0.921120569492349,
      1.0
    ],
    "oasis": [
      0.0,
      0.16995252668857574,
      0.42934757471084595,
      0.5748348236083984,
      0.6454752683639526,
      0.6804757714271545,
      0.7118257284164429,
      0.7316945195198059,
      0.7978099584579468,
      0.8934204578399658,
      0.9999999403953552
    ],
    "oasis_projected": [
      0.0,
      0.4247576055754625,
      0.5422712968171199,
      0.6209629367915529,
      0.6646022576301885,
      0.7123195369728329,
      0.7365642412079374,
      0.809518055990046,
      0.8642613333262492,
      0.9131569975487902,
      1.0
    ],
    "oasis_soft_projection": [
      0.0,
      0.3675402153103769,
      0.512475940875394,
      0.6116571326968819,
      0.6654749435983338,
      0.7097456103697105,
      0.7311701133181551,
      0.7991068783585982,
      0.860625735282862,
      0.9110906525289006,
      1.0
    ],
    "fresh": [
      0.0,
      0.5218020308312559,
      0.5715305192265684,
      0.6119618975997023,
      0.6592509061763617,
      0.7179645669292761,
      0.7736150950982297,
      0.8243099426468835,
      0.8715262600031339,
      0.9208631206091349,
      1.0
    ],
    "hybrid": [
      0.0,
      0.4247576055754625,
      0.5422712968171199,
      0.6209629367915529,
      0.6646022576301885,
      0.7123195369728329,
      0.7365642412079374,
      0.809518055990046,
      0.8642613333262492,
      0.9131569975487902,
      1.0
    ],
    "aggressive_hybrid": [
      0.0,
      0.41432059916386815,
      0.5369517665966839,
      0.6185810480922,
      0.6637133680074089,
      0.7117291174201947,
      0.7464308424251986,
      0.8299828380203056,
      0.8704904285816488,
      0.9130146174811244,
      0.9999999403953552
    ],
    "calibrated_hybrid": [
      0.0,
      0.4247576055754625,
      0.5422712968171199,
      0.6209629367915529,
      0.6646022576301885,
      0.7123195369728329,
      0.7365642412079374,
      0.809518055990046,
      0.8642613333262492,
      0.9131569975487902,
      1.0
    ]
  }
}