{
  "hybrid_choice": "isomer",
  "boundaries": {
    "stale": [
      0.0,
      0.5215505592168417,
      0.5710650726777264,
      0.6104822078367748,
      0.6575992550503394,
      0.7177968959160896,
      0.774118751594725,
      0.8250402786440153,
      0.872732602721065,
      0.9224710992352334,
      1.0
    ],
    "isomer": [
      0.0,
      0.04597443636700754,
      0.08235231633967777,
      0.12061184454433559,
      0.16123204862294704,
      0.20818598380311962,
      0.26443907766773345,
      0.3413596081040894,
      0.4820216105708353,
      0.6613291870489824,
      1.0
    ],
    "oasis": [
      0.0,
      0.09133309870958328,
      0.11645196378231049,
      0.13753557205200195,
      0.15309816598892212,
      0.18344800174236298,
      0.22832119464874268,
      0.3144974410533905,
      0.4962253272533417,
      0.7552131414413452,
      1.0000001192092896
    ],
    "oasis_projected": [
      0.0,
      0.04597355751840306,
      0.08234491705391032,
      0.12167611148704854,
      0.15840638259975767,
      0.2051097944257482,
      0.2607274456764894,
      0.3445800361508291,
      0.4812037276797082,
      0.6640616120877867,
      1.0
    ],
    "oasis_soft_projection": [
      0.0,
      0.04593582628108026,
      0.08628867063868702,
      0.126931317570966,
      0.1585107291001295,
      0.20048989380342386,
      0.2556417951627746,
      0.34809373085685724,
      0.483863655139169,
      0.6725057269760631,
      1.0
    ],
    "fresh": [
      0.0,
      0.04615547908359006,
      0.08246151514018003,
      0.120218681418996,
      0.1606892694545778,
      0.20679303076489836,
      0.26320564447404254,
      0.34058407366702004,
      0.48128212033502027,
      0.6606475598474163,
      1.0
    ],
    "hybrid": [
      0.0,
      0.04597443636700754,
      0.08235231633967777,
      0.12061184454433559,
      0.16123204862294704,
      0.20818598380311962,
      0.26443907766773345,
      0.3413596081040894,
      0.4820216105708353,
      0.6613291870489824,
      1.0
    ],
    "aggressive_hybrid": [
      0.0,
      0.04597443636700754,
      0.08235231633967777,
      0.12061184454433559,
      0.16123204862294704,
      0.20818598380311962,
      0.26443907766773345,
      0.3413596081040894,
      0.4820216105708353,
      0.6613291870489824,
      1.0
    ],
    "calibrated_hybrid": [
      0.0,
      0.04597443636700754,
      0.08235231633967777,
      0.12061184454433559,
      0.16123204862294704,
      0.20818598380311962,
      0.26443907766773345,
      0.3413596081040894,
      0.4820216105708353,
      0.6613291870489824,
      1.0
    ]
  }
}