{
  "hybrid_choice": "isomer",
  "boundaries": {
    "stale": [
      0.0,
      0.04657620100042175,
      0.08347856035325792,
      0.12074851199485429,
      0.16131384673773141,
      0.2080359914514765,
      0.2647191621083884,
      0.3424792385145863,
      0.4855451389337328,
      0.6620685253584908,
      1.0
    ],
    "isomer": [
      0.0,
      0.5083117051634691,
      0.568777718913048,
      0.6123218342981669,
      0.6567336328097206,
      0.7160248091976458,
      0.7726906939167334,
      0.8238399545359535,
      0.8709256873819283,
      0.9209552558659773,
      1.0
    ],
    "oasis": [
      0.0,
      0.16881617903709412,
      0.4390203654766083,
      0.5657267570495605,
      0.6266127228736877,
      0.655674397945404,
      0.6826274394989014,
      0.7008141875267029,
      0.7610873579978943,
      0.8669069409370422,
      1.0
    ],
    "oasis_projected": [
      0.0,
      0.5131971468439996,
      0.5714091639022989,
      0.616530593717668,
      0.6604300532888303,
      0.715041094612324,
      0.7708571092283383,
      0.8237667292226555,
      0.8709197119339426,
      0.9208749049821635,
      1.0
    ],
    "oasis_soft_projection": [
      0.0,
      0.4845837495196251,
      0.5684513377330633,
      0.625770743800537,
      0.6611107469182246,
      0.696283645095634,
      0.7573921761190646,
      0.8241853361898678,
      0.8695473718512745,
      0.9223117533444154,
      1.0
    ],
    "fresh": [
      0.0,
      0.5212714215751602,
      0.5713019475631738,
      0.6119514132618182,
      0.6583186482604394,
      0.716652560631399,
      0.7731039880924366,
      0.823607061889887,
      0.8709471755564938,
      0.9206871531173294,
      1.0
    ],
    "hybrid": [
      0.0,
      0.5083117051634691,
      0.568777718913048,
      0.6123218342981669,
      0.6567336328097206,
      0.7160248091976458,
      0.7726906939167334,
      0.8238399545359535,
      0.8709256873819283,
      0.9209552558659773,
      1.0
    ],
    "aggressive_hybrid": [
      0.0,
      0.5083117051634691,
      0.568777718913048,
      0.6123218342981669,
      0.6567336328097206,
      0.7160248091976458,
      0.7726906939167334,
      0.8238399545359535,
      0.8709256873819283,
      0.9209552558659773,
      1.0
    ],
    "calibrated_hybrid": [
      0.0,
      0.5083117051634691,
      0.568777718913048,
      0.6123218342981669,
      0.6567336328097206,
      0.7160248091976458,
      0.7726906939167334,
      0.8238399545359535,
      0.8709256873819283,
      0.9209552558659773,
      1.0
    ]
  }
}