{
  "hybrid_choice": "isomer",
  "boundaries": {
    "stale": [
      0.0,
      0.19168211919246228,
      0.22362041656851148,
      0.2503260355315085,
      0.2799117287414815,
      0.33669496482888045,
      0.7171521334370824,
      0.7589683756467601,
      0.7939495306562476,
      0.8327072844849891,
      1.0
    ],
    "isomer": [
      0.0,
      0.32095625572879727,
      0.37143069316502264,
      0.40449899069809914,
      0.43494148522651704,
      0.467241610257846,
      0.5049460466640634,
      0.5654491996555473,
      0.6834612442719803,
      0.8056007144475765,
      1.0
    ],
    "oasis": [
      0.0,
      0.25480497905017774,
      0.374157036855959,
      0.4538843915310758,
      0.5499612641382963,
      0.5499612641382963,
      0.6490701584144434,
      0.6810161565832581,
      0.6876970050856418,
      0.7019572499385522,
      1.0
    ],
    "oasis_projected": [
      0.0,
      0.32470003857054874,
      0.3714799389407638,
      0.4045012989103588,
      0.4349338499432707,
      0.4672074964731045,
      0.5046239209063136,
      0.5783901201851624,
      0.683202886681098,
      0.8115254839432422,
      1.0
    ],
    "fresh": [
      0.0,
      0.32973544231065,
      0.372088189094827,
      0.4045883644726338,
      0.435032837808753,
      0.4664726531711092,
      0.5039514945471625,
      0.564087006217197,
      0.6831988139670041,
      0.8045483354669503,
      1.0
    ],
    "hybrid": [
      0.0,
      0.32095625572879727,
      0.37143069316502264,
      0.40449899069809914,
      0.43494148522651704,
      0.467241610257846,
      0.5049460466640634,
      0.5654491996555473,
      0.6834612442719803,
      0.8056007144475765,
      1.0
    ],
    "aggressive_hybrid": [
      0.0,
      0.32095625572879727,
      0.37143069316502264,
      0.40449899069809914,
      0.43494148522651704,
      0.467241610257846,
      0.5049460466640634,
      0.5654491996555473,
      0.6834612442719803,
      0.8056007144475765,
      1.0
    ]
  }
}