{
  "hybrid_choice": "oasis_projected",
  "boundaries": {
    "stale": [
      0.0,
      0.04627985826399463,
      0.08313840933183174,
      0.12005699818552543,
      0.16022517926918775,
      0.20668148409495463,
      0.26365278694436306,
      0.3407624287416241,
      0.4861144332572319,
      0.6612071869002967,
      1.0
    ],
    "isomer": [
      0.0,
      0.2415585622499969,
      0.2789229538385662,
      0.32409725960201874,
      0.3945022731852111,
      0.47965603271871776,
      0.5809117988063475,
      0.7043210697224664,
      0.8426355281814816,
      0.8912349386869646,
      1.0
    ],
    "oasis": [
      0.0,
      0.16681882739067078,
      0.39683112502098083,
      0.538659930229187,
      0.6079207062721252,
      0.6449556350708008,
      0.6751174926757812,
      0.692486584186554,
      0.7546916007995605,
      0.8590198755264282,
      1.0
    ],
    "oasis_projected": [
      0.0,
      0.42212784755342303,
      0.5514362839910677,
      0.6149785930678328,
      0.6508878753991636,
      0.678639712001392,
      0.7054807786708421,
      0.7771221219259344,
      0.8459493583555615,
      0.8962618159933329,
      1.0
    ],
    "oasis_soft_projection": [
      0.0,
      0.37868982388631034,
      0.5307643309031603,
      0.6056718885192858,
      0.6446124037771234,
      0.6753595015274533,
      0.694796529080125,
      0.7609862952781494,
      0.8413289653487351,
      0.8939751652669181,
      1.0
    ],
    "fresh": [
      0.0,
      0.521189764648318,
      0.5713010290732123,
      0.6115782853643572,
      0.6587187736115946,
      0.7172577095347393,
      0.7732059693818332,
      0.8231265774887258,
      0.8706382502140898,
      0.9203253984996919,
      1.0
    ],
    "hybrid": [
      0.0,
      0.42212784755342303,
      0.5514362839910677,
      0.6149785930678328,
      0.6508878753991636,
      0.678639712001392,
      0.7054807786708421,
      0.7771221219259344,
      0.8459493583555615,
      0.8962618159933329,
      1.0
    ],
    "aggressive_hybrid": [
      0.0,
      0.4206204101399597,
      0.5542888631503733,
      0.6184228677367369,
      0.6552557753628969,
      0.6820549962911381,
      0.7209352810091563,
      0.8084476535436182,
      0.8533277909637088,
      0.8983997163735441,
      1.0
    ],
    "calibrated_hybrid": [
      0.0,
      0.42212784755342303,
      0.5514362839910677,
      0.6149785930678328,
      0.6508878753991636,
      0.678639712001392,
      0.7054807786708421,
      0.7771221219259344,
      0.8459493583555615,
      0.8962618159933329,
      1.0
    ]
  }
}