{
  "hybrid_choice": "isomer",
  "boundaries": {
    "stale": [
      0.0,
      0.04722708697495649,
      0.08551225912720418,
      0.12256068488316811,
      0.16173293450939433,
      0.20716365359201233,
      0.2631757784672744,
      0.33986181315674685,
      0.4792963435975745,
      0.6597878887380596,
      1.0
    ],
    "isomer": [
      0.0,
      0.5071007852091428,
      0.5683346993279087,
      0.6108645226907805,
      0.6544162828608248,
      0.7151787057760688,
      0.7726575058063522,
      0.823906505489316,
      0.8725207850934876,
      0.9218935269595452,
      1.0
    ],
    "oasis": [
      0.0,
      0.5872106923610331,
      0.6880542180157064,
      0.7494574542012888,
      0.7821453415600093,
      0.8077433954649283,
      0.8077433954649283,
      0.8077433954649283,
      0.8077433954649283,
      0.8952498598585887,
      1.0
    ],
    "oasis_projected": [
      0.0,
      0.5103713121227521,
      0.5691082437400142,
      0.612568439706233,
      0.6588157345984027,
      0.7192069022637589,
      0.7750613054435442,
      0.8239312325723094,
      0.8725406905343,
      0.9219200233341892,
      1.0
    ],
    "oasis_soft_projection": [
      0.0,
      0.47681648013002736,
      0.566697929621255,
      0.6166350450501528,
      0.6615646796069117,
      0.7247257111667741,
      0.7765368675193178,
      0.8139366827831174,
      0.8698421661250926,
      0.9184837109386447,
      1.0
    ],
    "fresh": [
      0.0,
      0.520511749787258,
      0.5705712110287329,
      0.61023179982358,
      0.655407486560939,
      0.7163211277921524,
      0.7727616159980997,
      0.8237583588351117,
      0.8725424156824778,
      0.9217326890071901,
      1.0
    ],
    "hybrid": [
      0.0,
      0.5071007852091428,
      0.5683346993279087,
      0.6108645226907805,
      0.6544162828608248,
      0.7151787057760688,
      0.7726575058063522,
      0.823906505489316,
      0.8725207850934876,
      0.9218935269595452,
      1.0
    ],
    "aggressive_hybrid": [
      0.0,
      0.5071007852091428,
      0.5683346993279087,
      0.6108645226907805,
      0.6544162828608248,
      0.7151787057760688,
      0.7726575058063522,
      0.823906505489316,
      0.8725207850934876,
      0.9218935269595452,
      1.0
    ],
    "calibrated_hybrid": [
      0.0,
      0.5071007852091428,
      0.5683346993279087,
      0.6108645226907805,
      0.6544162828608248,
      0.7151787057760688,
      0.7726575058063522,
      0.823906505489316,
      0.8725207850934876,
      0.9218935269595452,
      1.0
    ]
  }
}