{
  "hybrid_choice": "isomer",
  "boundaries": {
    "stale": [
      0.0,
      0.5216607377687994,
      0.5714344143180449,
      0.6117035039116847,
      0.658245013250249,
      0.7173516552972332,
      0.7741279219274998,
      0.8245454626232936,
      0.8720091865230618,
      0.9212644215710489,
      1.0
    ],
    "isomer": [
      0.0,
      0.04628846058550143,
      0.08304117699479435,
      0.12106948939852784,
      0.1615483232728844,
      0.20832418438977504,
      0.26440046436274645,
      0.3415087942903196,
      0.48263342284933064,
      0.6615447585661407,
      1.0
    ],
    "oasis": [
      0.0,
      0.12759556986854415,
      0.1276049763671633,
      0.1276049763671633,
      0.1276049763671633,
      0.15412656516302348,
      0.16241039122337186,
      0.21145097024023296,
      0.2762708553380542,
      0.47420602375133103,
      1.0
    ],
    "oasis_projected": [
      0.0,
      0.04628777204276423,
      0.0830335633201004,
      0.12759861676818157,
      0.15944971711298234,
      0.2061794092542756,
      0.26343553737664305,
      0.3441126999289053,
      0.4817556089194275,
      0.6638543427882235,
      1.0
    ],
    "fresh": [
      0.0,
      0.04647763396440298,
      0.08308836674717282,
      0.12086619374582372,
      0.16117408593730304,
      0.20707482422896506,
      0.26331150914010354,
      0.34103954238152323,
      0.48191334149200754,
      0.6611349503425754,
      1.0
    ],
    "hybrid": [
      0.0,
      0.04628846058550143,
      0.08304117699479435,
      0.12106948939852784,
      0.1615483232728844,
      0.20832418438977504,
      0.26440046436274645,
      0.3415087942903196,
      0.48263342284933064,
      0.6615447585661407,
      1.0
    ],
    "aggressive_hybrid": [
      0.0,
      0.04628846058550143,
      0.08304117699479435,
      0.12106948939852784,
      0.1615483232728844,
      0.20832418438977504,
      0.26440046436274645,
      0.3415087942903196,
      0.48263342284933064,
      0.6615447585661407,
      1.0
    ]
  }
}