{
  "hybrid_choice": "oasis_projected",
  "boundaries": {
    "stale": [
      0.0,
      0.5214783703695755,
      0.5714373071167989,
      0.6120156723128283,
      0.6589770757166135,
      0.7175118073502719,
      0.7737456457507249,
      0.8242198723655689,
      0.8717859183583408,
      0.9209055189703071,
      1.0
    ],
    "isomer": [
      0.0,
      0.04600882541768739,
      0.08313566310927749,
      0.12032871826719041,
      0.16091904162983423,
      0.21608984338183523,
      0.2749632796690593,
      0.469542602042095,
      0.5947799993264352,
      0.6735986820750989,
      1.0
    ],
    "oasis": [
      0.0,
      0.08161444962024689,
      0.10607138276100159,
      0.12632118165493011,
      0.1411093771457672,
      0.17025017738342285,
      0.21391816437244415,
      0.2989805042743683,
      0.47863855957984924,
      0.7264040112495422,
      0.9999999403953552
    ],
    "oasis_projected": [
      0.0,
      0.05197108815383571,
      0.0912981179357572,
      0.12213308545130475,
      0.16164425235894803,
      0.19776631830492808,
      0.25250126656154187,
      0.3390617698911713,
      0.4740402856080308,
      0.658582223852561,
      1.0
    ],
    "oasis_soft_projection": [
      0.0,
      0.05499083337743279,
      0.09298854164818955,
      0.12643154457885306,
      0.16071698926033376,
      0.19593462979203086,
      0.24937297637053646,
      0.3405147929618135,
      0.4753046074460934,
      0.6598841404801254,
      1.0
    ],
    "fresh": [
      0.0,
      0.046372019219659284,
      0.08248377053476244,
      0.11983635959250107,
      0.1604818024186119,
      0.20656707035051208,
      0.2630939794276801,
      0.3392597530677739,
      0.4798425569691939,
      0.6589922399470944,
      1.0
    ],
    "hybrid": [
      0.0,
      0.05197108815383571,
      0.0912981179357572,
      0.12213308545130475,
      0.16164425235894803,
      0.19776631830492808,
      0.25250126656154187,
      0.3390617698911713,
      0.4740402856080308,
      0.658582223852561,
      1.0
    ],
    "aggressive_hybrid": [
      0.0,
      0.05197108815383571,
      0.0912981179357572,
      0.12213308545130475,
      0.16164425235894803,
      0.19776631830492808,
      0.25250126656154187,
      0.3390617698911713,
      0.4740402856080308,
      0.658582223852561,
      1.0
    ],
    "calibrated_hybrid": [
      0.0,
      0.05197108815383571,
      0.0912981179357572,
      0.12213308545130475,
      0.16164425235894803,
      0.19776631830492808,
      0.25250126656154187,
      0.3390617698911713,
      0.4740402856080308,
      0.658582223852561,
      1.0
    ]
  }
}