{
  "hybrid_choice": "isomer",
  "boundaries": {
    "stale": [
      0.0,
      0.19168211919246228,
      0.22362041656851148,
      0.2503260355315085,
      0.2799117287414815,
      0.33669496482888045,
      0.7171521334370824,
      0.7589683756467601,
      0.7939495306562476,
      0.8327072844849891,
      1.0
    ],
    "isomer": [
      0.0,
      0.32095625572879727,
      0.37143069316502264,
      0.40449899069809914,
      0.43494148522651704,
      0.467241610257846,
      0.5049460466640634,
      0.5654491996555473,
      0.6834612442719803,
      0.8056007144475765,
      1.0
    ],
    "oasis": [
      0.0,
      0.2908377945423126,
      0.3390851616859436,
      0.35638946294784546,
      0.36442825198173523,
      0.37222594022750854,
      0.4117307662963867,
      0.42259159684181213,
      0.44132235646247864,
      0.4936453402042389,
      1.0
    ],
    "oasis_projected": [
      0.0,
      0.3287943150608176,
      0.3680292694145688,
      0.4117888736500495,
      0.4349009235793231,
      0.4650881827017791,
      0.49126544595302574,
      0.5678868787110355,
      0.6831520947583336,
      0.8081408795700007,
      1.0
    ],
    "oasis_soft_projection": [
      0.0,
      0.34102475641578556,
      0.3661186009474253,
      0.4123600569047498,
      0.43087995459147205,
      0.4588365440648379,
      0.4862500260363602,
      0.5766458190402176,
      0.6880084454532582,
      0.8191810532947988,
      1.0
    ],
    "fresh": [
      0.0,
      0.32973544231065,
      0.372088189094827,
      0.4045883644726338,
      0.435032837808753,
      0.4664726531711092,
      0.5039514945471625,
      0.564087006217197,
      0.6831988139670041,
      0.8045483354669503,
      1.0
    ],
    "hybrid": [
      0.0,
      0.32095625572879727,
      0.37143069316502264,
      0.40449899069809914,
      0.43494148522651704,
      0.467241610257846,
      0.5049460466640634,
      0.5654491996555473,
      0.6834612442719803,
      0.8056007144475765,
      1.0
    ],
    "aggressive_hybrid": [
      0.0,
      0.32095625572879727,
      0.37143069316502264,
      0.40449899069809914,
      0.43494148522651704,
      0.467241610257846,
      0.5049460466640634,
      0.5654491996555473,
      0.6834612442719803,
      0.8056007144475765,
      1.0
    ],
    "calibrated_hybrid": [
      0.0,
      0.32095625572879727,
      0.37143069316502264,
      0.40449899069809914,
      0.43494148522651704,
      0.467241610257846,
      0.5049460466640634,
      0.5654491996555473,
      0.6834612442719803,
      0.8056007144475765,
      1.0
    ]
  }
}