{
  "hybrid_choice": "isomer",
  "boundaries": {
    "stale": [
      0.0,
      0.19208413897569013,
      0.22392026474157986,
      0.25087108165519484,
      0.2812319329585825,
      0.33912901799118966,
      0.7172423315090797,
      0.7592008319610043,
      0.7935956178726519,
      0.8330780930768634,
      1.0
    ],
    "isomer": [
      0.0,
      0.3217042601060606,
      0.3712192334971654,
      0.40446840443647786,
      0.4345100904493985,
      0.4669881625105031,
      0.5055464298130339,
      0.565103967853308,
      0.6828715512456437,
      0.8052216844163163,
      1.0
    ],
    "oasis": [
      0.0,
      0.2552648566651921,
      0.37408078836732706,
      0.4539981116107533,
      0.5502145690803981,
      0.5502145690803981,
      0.6478689181029772,
      0.6801677681532673,
      0.6872576644207948,
      0.7026324431262649,
      1.0
    ],
    "oasis_projected": [
      0.0,
      0.3245870077475305,
      0.3713636977702419,
      0.4044704484941236,
      0.4345017572194451,
      0.4669562325667187,
      0.5052595480825985,
      0.5776332819567405,
      0.6826138243230463,
      0.8111997267601505,
      1.0
    ],
    "fresh": [
      0.0,
      0.32950438674848304,
      0.3719408343402336,
      0.4044345022495495,
      0.4344885346228161,
      0.465856989342724,
      0.5047438838337915,
      0.5642548030373224,
      0.6826101848792061,
      0.8045440770042218,
      1.0
    ],
    "hybrid": [
      0.0,
      0.3217042601060606,
      0.3712192334971654,
      0.40446840443647786,
      0.4345100904493985,
      0.4669881625105031,
      0.5055464298130339,
      0.565103967853308,
      0.6828715512456437,
      0.8052216844163163,
      1.0
    ],
    "aggressive_hybrid": [
      0.0,
      0.3217042601060606,
      0.3712192334971654,
      0.40446840443647786,
      0.4345100904493985,
      0.4669881625105031,
      0.5055464298130339,
      0.565103967853308,
      0.6828715512456437,
      0.8052216844163163,
      1.0
    ]
  }
}