{
  "hybrid_choice": "oasis_projected",
  "boundaries": {
    "stale": [
      0.0,
      0.04618573680727257,
      0.08250386918481287,
      0.12008566050368465,
      0.16044309370537768,
      0.20656110687079687,
      0.2631206587030396,
      0.339889280442238,
      0.4815286272645288,
      0.6598415047810567,
      1.0
    ],
    "isomer": [
      0.0,
      0.25800967368030586,
      0.3257037049722116,
      0.4631558993728227,
      0.6323043357899302,
      0.71696303152471,
      0.770939049226226,
      0.8248479225493275,
      0.8731379928914793,
      0.9214952076120457,
      1.0
    ],
    "oasis": [
      0.0,
      0.16968898475170135,
      0.4254226088523865,
      0.5734009742736816,
      0.6448308229446411,
      0.6797406077384949,
      0.7107177376747131,
      0.7302470207214355,
      0.7974711656570435,
      0.8934208750724792,
      1.0
    ],
    "oasis_projected": [
      0.0,
      0.4226011101858621,
      0.5418849574008432,
      0.6211155163376971,
      0.6645764487176923,
      0.7118643017892184,
      0.7367728946358719,
      0.8104668518017772,
      0.8646952618983306,
      0.9136329572559418,
      1.0
    ],
    "oasis_soft_projection": [
      0.0,
      0.3661459137736914,
      0.5115616146682802,
      0.611717345893442,
      0.6654514071074864,
      0.7095788308351264,
      0.7301497053684752,
      0.8000426138813348,
      0.8610500658488421,
      0.9115504568880448,
      1.0
    ],
    "fresh": [
      0.0,
      0.5219711625267291,
      0.5715598876318352,
      0.6121929845671467,
      0.6596707567597339,
      0.7177787840412639,
      0.774003982733604,
      0.8242776733803152,
      0.8720190259771697,
      0.9208578140646188,
      1.0
    ],
    "hybrid": [
      0.0,
      0.4226011101858621,
      0.5418849574008432,
      0.6211155163376971,
      0.6645764487176923,
      0.7118643017892184,
      0.7367728946358719,
      0.8104668518017772,
      0.8646952618983306,
      0.9136329572559418,
      1.0
    ],
    "aggressive_hybrid": [
      0.0,
      0.4121906095346412,
      0.5363554783148791,
      0.6186360034142299,
      0.6636537167149171,
      0.7112999662013931,
      0.7466978670600867,
      0.8302943192603929,
      0.8708496513283077,
      0.9133972829159611,
      1.0
    ],
    "calibrated_hybrid": [
      0.0,
      0.4226011101858621,
      0.5418849574008432,
      0.6211155163376971,
      0.6645764487176923,
      0.7118643017892184,
      0.7367728946358719,
      0.8104668518017772,
      0.8646952618983306,
      0.9136329572559418,
      1.0
    ]
  }
}