{
  "hybrid_choice": "isomer",
  "boundaries": {
    "stale": [
      0.0,
      0.04646819916409655,
      0.08338156815970488,
      0.12057401444043103,
      0.16027747091861877,
      0.2065519034382819,
      0.2634864893457872,
      0.34115453237080434,
      0.482486612319676,
      0.6609505302890052,
      1.0
    ],
    "isomer": [
      0.0,
      0.5073292190554185,
      0.568569061665299,
      0.6124130271876379,
      0.6569685625527079,
      0.7177193148063887,
      0.7739759442309394,
      0.8244806589690783,
      0.8716631571043365,
      0.9212347587464589,
      1.0
    ],
    "oasis": [
      0.0,
      0.5877325545187327,
      0.6886110076896207,
      0.7508893925603484,
      0.7834330872862191,
      0.810255092039009,
      0.810255092039009,
      0.810255092039009,
      0.810255092039009,
      0.8963869962226778,
      1.0
    ],
    "oasis_projected": [
      0.0,
      0.5104386346985148,
      0.5693439130118095,
      0.614247550028739,
      0.6622174722217528,
      0.7219880216725604,
      0.7764333616599365,
      0.8245033579149804,
      0.8716815660696513,
      0.9212603406704929,
      1.0
    ],
    "fresh": [
      0.0,
      0.5210510331728553,
      0.57090292508829,
      0.61171146976429,
      0.6592580398962499,
      0.718451904915361,
      0.7742242451620203,
      0.8241520691317125,
      0.8716841663402434,
      0.9208537791084661,
      1.0
    ],
    "hybrid": [
      0.0,
      0.5073292190554185,
      0.568569061665299,
      0.6124130271876379,
      0.6569685625527079,
      0.7177193148063887,
      0.7739759442309394,
      0.8244806589690783,
      0.8716631571043365,
      0.9212347587464589,
      1.0
    ]
  }
}