{
  "hybrid_choice": "isomer",
  "boundaries": {
    "stale": [
      0.0,
      0.5212796113757183,
      0.5700105341529139,
      0.6108913584199853,
      0.6572078919816757,
      0.7159887465637949,
      0.7719889147167797,
      0.8234196183224014,
      0.8713013510021211,
      0.9206686997788787,
      1.0
    ],
    "isomer": [
      0.0,
      0.04568589991299032,
      0.08253113793662491,
      0.11996998115438137,
      0.1599409801661115,
      0.2065188809653437,
      0.26327387896729504,
      0.3408367853514586,
      0.4837137404281379,
      0.6602665127308867,
      1.0
    ],
    "oasis": [
      0.0,
      0.12743725951636425,
      0.12743725951636425,
      0.12743725951636425,
      0.12743725951636425,
      0.15343303717080592,
      0.16092714356276672,
      0.21004667627629814,
      0.27453571925162,
      0.472286626504488,
      1.0
    ],
    "oasis_projected": [
      0.0,
      0.045685287573452665,
      0.08252366720798385,
      0.12952971427964718,
      0.15852794815526183,
      0.2043923384125711,
      0.2622248508762517,
      0.3431223404316378,
      0.4828583668467811,
      0.6623594880798327,
      1.0
    ],
    "oasis_soft_projection": [
      0.0,
      0.045643352672642495,
      0.08647375788200358,
      0.13777055329318236,
      0.15864978167715263,
      0.20122056912469194,
      0.25670383285289666,
      0.34880070768021926,
      0.4652687503851733,
      0.6741017723886829,
      1.0
    ],
    "fresh": [
      0.0,
      0.045914302710722214,
      0.08282416510258202,
      0.120038574718059,
      0.1597714000409735,
      0.20491455373488832,
      0.2618840131041197,
      0.33931859344748827,
      0.48300526023370827,
      0.6589347365022781,
      1.0
    ],
    "hybrid": [
      0.0,
      0.04568589991299032,
      0.08253113793662491,
      0.11996998115438137,
      0.1599409801661115,
      0.2065188809653437,
      0.26327387896729504,
      0.3408367853514586,
      0.4837137404281379,
      0.6602665127308867,
      1.0
    ],
    "aggressive_hybrid": [
      0.0,
      0.04568589991299032,
      0.08253113793662491,
      0.11996998115438137,
      0.1599409801661115,
      0.2065188809653437,
      0.26327387896729504,
      0.3408367853514586,
      0.4837137404281379,
      0.6602665127308867,
      1.0
    ],
    "calibrated_hybrid": [
      0.0,
      0.04568589991299032,
      0.08253113793662491,
      0.11996998115438137,
      0.1599409801661115,
      0.2065188809653437,
      0.26327387896729504,
      0.3408367853514586,
      0.4837137404281379,
      0.6602665127308867,
      1.0
    ]
  }
}