{
  "hybrid_choice": "oasis_projected",
  "boundaries": {
    "stale": [
      0.0,
      0.04618573680727257,
      0.08250386918481287,
      0.12008566050368465,
      0.16044309370537768,
      0.20656110687079687,
      0.2631206587030396,
      0.339889280442238,
      0.4815286272645288,
      0.6598415047810567,
      1.0
    ],
    "isomer": [
      0.0,
      0.31160183822028154,
      0.5240192339158561,
      0.6077253071676295,
      0.6425256792454381,
      0.6931958935622354,
      0.7595828105584546,
      0.8254736777120557,
      0.8723983220299495,
      0.9228248365353944,
      1.0
    ],
    "oasis": [
      0.0,
      0.15654721856117249,
      0.4251495897769928,
      0.540282666683197,
      0.5959239602088928,
      0.6264725923538208,
      0.6566048264503479,
      0.6750868558883667,
      0.7323435544967651,
      0.8427525758743286,
      1.0
    ],
    "oasis_projected": [
      0.0,
      0.46363222998048736,
      0.5672393413614408,
      0.6123239099610146,
      0.6435152661625653,
      0.6675895266091568,
      0.7107631459744046,
      0.8043128530247389,
      0.8649847919124733,
      0.9147129239436631,
      1.0
    ],
    "oasis_soft_projection": [
      0.0,
      0.4382901807722175,
      0.5629353838209505,
      0.6105971312872899,
      0.6411414725523428,
      0.6657222343823903,
      0.7037041678614131,
      0.7882439076621895,
      0.8579897439443717,
      0.9127844632335133,
      1.0
    ],
    "fresh": [
      0.0,
      0.5219711625267291,
      0.5715598876318352,
      0.6121929845671467,
      0.6596707567597339,
      0.7177787840412639,
      0.774003982733604,
      0.8242776733803152,
      0.8720190259771697,
      0.9208578140646188,
      1.0
    ],
    "hybrid": [
      0.0,
      0.46363222998048736,
      0.5672393413614408,
      0.6123239099610146,
      0.6435152661625653,
      0.6675895266091568,
      0.7107631459744046,
      0.8043128530247389,
      0.8649847919124733,
      0.9147129239436631,
      1.0
    ],
    "aggressive_hybrid": [
      0.0,
      0.45486652041880415,
      0.5625271761784267,
      0.6114974837906795,
      0.6447955799903299,
      0.6696601143111768,
      0.7211595385260801,
      0.8264975849248262,
      0.8690018729610766,
      0.912157269531559,
      1.0
    ],
    "calibrated_hybrid": [
      0.0,
      0.46363222998048736,
      0.5672393413614408,
      0.6123239099610146,
      0.6435152661625653,
      0.6675895266091568,
      0.7107631459744046,
      0.8043128530247389,
      0.8649847919124733,
      0.9147129239436631,
      1.0
    ]
  }
}