{
  "hybrid_choice": "isomer",
  "boundaries": {
    "stale": [
      0.0,
      0.5212796113757183,
      0.5700105341529139,
      0.6108913584199853,
      0.6572078919816757,
      0.7159887465637949,
      0.7719889147167797,
      0.8234196183224014,
      0.8713013510021211,
      0.9206686997788787,
      1.0
    ],
    "isomer": [
      0.0,
      0.32806567956220856,
      0.5821749313470312,
      0.6565955593933159,
      0.7079839985990501,
      0.7563004904831013,
      0.8016068451154986,
      0.8441002292190457,
      0.8855161934749302,
      0.9320900335526024,
      1.0
    ],
    "oasis": [
      0.0,
      0.34873205687613895,
      0.4188332924444125,
      0.4538255220894398,
      0.5283781272665758,
      0.5694480669448817,
      0.6046860944017349,
      0.6686170467171638,
      0.7515701719429246,
      0.8560258406102956,
      1.0
    ],
    "oasis_projected": [
      0.0,
      0.14652779916768338,
      0.3310709788202375,
      0.5119380460830255,
      0.6505409172113614,
      0.6979893808473083,
      0.7418867891567359,
      0.7946529238477626,
      0.849929118991064,
      0.9238112796409294,
      1.0
    ],
    "oasis_soft_projection": [
      0.0,
      0.17100627062383447,
      0.36560043508598,
      0.5183931631147732,
      0.6361086422800524,
      0.6945720068733109,
      0.7391528899775379,
      0.7920710024368293,
      0.8482078380504418,
      0.9226250348939412,
      1.0
    ],
    "fresh": [
      0.0,
      0.045914302710722214,
      0.08282416510258202,
      0.120038574718059,
      0.1597714000409735,
      0.20491455373488832,
      0.2618840131041197,
      0.33931859344748827,
      0.48300526023370827,
      0.6589347365022781,
      1.0
    ],
    "hybrid": [
      0.0,
      0.32806567956220856,
      0.5821749313470312,
      0.6565955593933159,
      0.7079839985990501,
      0.7563004904831013,
      0.8016068451154986,
      0.8441002292190457,
      0.8855161934749302,
      0.9320900335526024,
      1.0
    ],
    "aggressive_hybrid": [
      0.0,
      0.14778490334048322,
      0.33080591545936666,
      0.5170424440624227,
      0.659097049835682,
      0.699799775841767,
      0.7433351051523028,
      0.7960207277913771,
      0.850840988286807,
      0.9244397070733645,
      1.0
    ],
    "calibrated_hybrid": [
      0.0,
      0.32806567956220856,
      0.5821749313470312,
      0.6565955593933159,
      0.7079839985990501,
      0.7563004904831013,
      0.8016068451154986,
      0.8441002292190457,
      0.8855161934749302,
      0.9320900335526024,
      1.0
    ]
  }
}