{
  "hybrid_choice": "isomer",
  "boundaries": {
    "stale": [
      0.0,
      0.04636386176767939,
      0.08327973231200252,
      0.120358322828919,
      0.16039200134606252,
      0.2067466873344434,
      0.2641522598010552,
      0.34253607337321657,
      0.48240565352801146,
      0.6603543701605677,
      1.0
    ],
    "isomer": [
      0.0,
      0.5080147708962913,
      0.5693275003056653,
      0.6124371036275623,
      0.6569014322049973,
      0.7171549476667288,
      0.7733480511629238,
      0.8245702285591394,
      0.8715035412055644,
      0.921161083781312,
      1.0
    ],
    "oasis": [
      0.0,
      0.16821661591529846,
      0.439551442861557,
      0.5656154155731201,
      0.6256919503211975,
      0.6544824242591858,
      0.6818462014198303,
      0.7003549933433533,
      0.7597516775131226,
      0.8668419122695923,
      1.0
    ],
    "oasis_projected": [
      0.0,
      0.5133245890885186,
      0.5717921495833223,
      0.6170495224536878,
      0.6613346610700038,
      0.7159633651840305,
      0.77103578326654,
      0.8244882954569818,
      0.8714975090643704,
      0.9210721592888812,
      1.0
    ],
    "oasis_soft_projection": [
      0.0,
      0.48514460201588355,
      0.5688780278368595,
      0.6264283494921159,
      0.6619716143802556,
      0.6966560225198782,
      0.7570232317618509,
      0.8248762662937196,
      0.8702450869644274,
      0.9224916777116788,
      1.0
    ],
    "fresh": [
      0.0,
      0.5218020308312559,
      0.5715305192265684,
      0.6119618975997023,
      0.6592509061763617,
      0.7179645669292761,
      0.7736150950982297,
      0.8243099426468835,
      0.8715262600031339,
      0.9208631206091349,
      1.0
    ],
    "hybrid": [
      0.0,
      0.5080147708962913,
      0.5693275003056653,
      0.6124371036275623,
      0.6569014322049973,
      0.7171549476667288,
      0.7733480511629238,
      0.8245702285591394,
      0.8715035412055644,
      0.921161083781312,
      1.0
    ],
    "aggressive_hybrid": [
      0.0,
      0.5080147708962913,
      0.5693275003056653,
      0.6124371036275623,
      0.6569014322049973,
      0.7171549476667288,
      0.7733480511629238,
      0.8245702285591394,
      0.8715035412055644,
      0.921161083781312,
      1.0
    ],
    "calibrated_hybrid": [
      0.0,
      0.5080147708962913,
      0.5693275003056653,
      0.6124371036275623,
      0.6569014322049973,
      0.7171549476667288,
      0.7733480511629238,
      0.8245702285591394,
      0.8715035412055644,
      0.921161083781312,
      1.0
    ]
  }
}