{
  "hybrid_choice": "oasis_projected",
  "boundaries": {
    "stale": [
      0.0,
      0.5207401456492823,
      0.5705472143536154,
      0.6109823432316164,
      0.6580122816319878,
      0.7169791771220817,
      0.7733710674717275,
      0.824137801643739,
      0.871358257217823,
      0.9214369903549093,
      1.0
    ],
    "isomer": [
      0.0,
      0.045342435998285344,
      0.08391975483091385,
      0.13816620858445447,
      0.19620107766195732,
      0.25423594673946015,
      0.31227081581696303,
      0.5260576031282965,
      0.5728494131334184,
      0.7723119600314736,
      1.0
    ],
    "oasis": [
      0.0,
      0.11264894157648087,
      0.14044885337352753,
      0.15939390659332275,
      0.1715666949748993,
      0.1962638646364212,
      0.2346697598695755,
      0.3208499550819397,
      0.5198929309844971,
      0.7220220565795898,
      1.0
    ],
    "oasis_projected": [
      0.0,
      0.04533832554502386,
      0.08392030123842557,
      0.137056753985659,
      0.16185368701203112,
      0.184561418761681,
      0.22891858767126605,
      0.35066820063826043,
      0.5122525871173037,
      0.6749855503392655,
      1.0
    ],
    "oasis_soft_projection": [
      0.0,
      0.04700967997591453,
      0.090851249888904,
      0.14160183989536307,
      0.16337210245334985,
      0.18620622949395602,
      0.22924349431941157,
      0.3447169474137209,
      0.5094687424635953,
      0.678552869313977,
      1.0
    ],
    "fresh": [
      0.0,
      0.04668616736597812,
      0.08396830553119448,
      0.12128087219693441,
      0.16181337525598843,
      0.20864445004572416,
      0.2655214316531732,
      0.34292931321218617,
      0.4838854816988521,
      0.6630520658161736,
      1.0
    ],
    "hybrid": [
      0.0,
      0.04533832554502386,
      0.08392030123842557,
      0.137056753985659,
      0.16185368701203112,
      0.184561418761681,
      0.22891858767126605,
      0.35066820063826043,
      0.5122525871173037,
      0.6749855503392655,
      1.0
    ],
    "aggressive_hybrid": [
      0.0,
      0.04533832554502386,
      0.08392030123842557,
      0.137056753985659,
      0.16185368701203112,
      0.184561418761681,
      0.22891858767126605,
      0.35066820063826043,
      0.5122525871173037,
      0.6749855503392655,
      1.0
    ],
    "calibrated_hybrid": [
      0.0,
      0.04533832554502386,
      0.08392030123842557,
      0.137056753985659,
      0.16185368701203112,
      0.184561418761681,
      0.22891858767126605,
      0.35066820063826043,
      0.5122525871173037,
      0.6749855503392655,
      1.0
    ]
  }
}