{
  "hybrid_choice": "oasis_projected",
  "boundaries": {
    "stale": [
      0.0,
      0.04646819916409655,
      0.08338156815970488,
      0.12057401444043103,
      0.16027747091861877,
      0.2065519034382819,
      0.2634864893457872,
      0.34115453237080434,
      0.482486612319676,
      0.6609505302890052,
      1.0
    ],
    "isomer": [
      0.0,
      0.24149306840687454,
      0.2789871334610318,
      0.3244903838396444,
      0.3936328759624535,
      0.4764348723816517,
      0.5794012794054239,
      0.7046599271894374,
      0.8434171667423199,
      0.8917680217306967,
      1.0
    ],
    "oasis": [
      0.0,
      0.16715246438980103,
      0.3970349133014679,
      0.5397014021873474,
      0.6081210374832153,
      0.6450188159942627,
      0.6751728057861328,
      0.6926281452178955,
      0.7529468536376953,
      0.8591275811195374,
      1.0
    ],
    "oasis_projected": [
      0.0,
      0.4225205097631265,
      0.5524495295935214,
      0.6152794909469885,
      0.6511006577975492,
      0.6788275669891041,
      0.7057210990033185,
      0.7768107559588743,
      0.8468722282998459,
      0.8969326300251697,
      1.0
    ],
    "oasis_soft_projection": [
      0.0,
      0.3788641688972836,
      0.5319192388036251,
      0.6060648735509124,
      0.644813791410392,
      0.6755033948443794,
      0.6952480780365571,
      0.7601597659320386,
      0.8421610465807318,
      0.89464734100437,
      1.0
    ],
    "fresh": [
      0.0,
      0.5210510331728553,
      0.57090292508829,
      0.61171146976429,
      0.6592580398962499,
      0.718451904915361,
      0.7742242451620203,
      0.8241520691317125,
      0.8716841663402434,
      0.9208537791084661,
      1.0
    ],
    "hybrid": [
      0.0,
      0.4225205097631265,
      0.5524495295935214,
      0.6152794909469885,
      0.6511006577975492,
      0.6788275669891041,
      0.7057210990033185,
      0.7768107559588743,
      0.8468722282998459,
      0.8969326300251697,
      1.0
    ],
    "aggressive_hybrid": [
      0.0,
      0.4210258787003509,
      0.5552896701012549,
      0.6187293450723788,
      0.6554875994030737,
      0.68227450114625,
      0.7207681210607852,
      0.8088184722132714,
      0.8543183907665962,
      0.8990842147987992,
      1.0
    ],
    "calibrated_hybrid": [
      0.0,
      0.4225205097631265,
      0.5524495295935214,
      0.6152794909469885,
      0.6511006577975492,
      0.6788275669891041,
      0.7057210990033185,
      0.7768107559588743,
      0.8468722282998459,
      0.8969326300251697,
      1.0
    ]
  }
}