{
  "hybrid_choice": "oasis_projected",
  "boundaries": {
    "stale": [
      0.0,
      0.04627985826399463,
      0.08313840933183174,
      0.12005699818552543,
      0.16022517926918775,
      0.20668148409495463,
      0.26365278694436306,
      0.3407624287416241,
      0.4861144332572319,
      0.6612071869002967,
      1.0
    ],
    "isomer": [
      0.0,
      0.3113458715689664,
      0.5245680200028473,
      0.6071973692313006,
      0.6418009816435895,
      0.6906131572499156,
      0.7575688418721929,
      0.8241117900245426,
      0.8712991906829363,
      0.921954880709176,
      1.0
    ],
    "oasis": [
      0.0,
      0.15665023028850555,
      0.42854005098342896,
      0.541350781917572,
      0.5965599417686462,
      0.6272431015968323,
      0.6574785709381104,
      0.6759373545646667,
      0.7344141602516174,
      0.8427220582962036,
      1.0000001192092896
    ],
    "oasis_projected": [
      0.0,
      0.4649493577048086,
      0.5670197382224924,
      0.6124250548781162,
      0.6437903083586083,
      0.6681383969059779,
      0.7114742263985302,
      0.8035063969615551,
      0.8635083389022975,
      0.9140571338187964,
      1.0
    ],
    "oasis_soft_projection": [
      0.0,
      0.4403030711448796,
      0.5628411506241264,
      0.6107281491153141,
      0.6414474136071283,
      0.6662985649796089,
      0.7043484426261147,
      0.7879056480703606,
      0.8564929343025129,
      0.9121089559826842,
      1.0
    ],
    "fresh": [
      0.0,
      0.521189764648318,
      0.5713010290732123,
      0.6115782853643572,
      0.6587187736115946,
      0.7172577095347393,
      0.7732059693818332,
      0.8231265774887258,
      0.8706382502140898,
      0.9203253984996919,
      1.0
    ],
    "hybrid": [
      0.0,
      0.4649493577048086,
      0.5670197382224924,
      0.6124250548781162,
      0.6437903083586083,
      0.6681383969059779,
      0.7114742263985302,
      0.8035063969615551,
      0.8635083389022975,
      0.9140571338187964,
      1.0
    ],
    "aggressive_hybrid": [
      0.0,
      0.4564906488415941,
      0.5624361839016035,
      0.6116205474838722,
      0.6450948786432965,
      0.6702152660421035,
      0.7221100298575955,
      0.8253274841645581,
      0.8675983185907795,
      0.9114669137712814,
      1.0000001192092896
    ],
    "calibrated_hybrid": [
      0.0,
      0.4649493577048086,
      0.5670197382224924,
      0.6124250548781162,
      0.6437903083586083,
      0.6681383969059779,
      0.7114742263985302,
      0.8035063969615551,
      0.8635083389022975,
      0.9140571338187964,
      1.0
    ]
  }
}