{
  "hybrid_choice": "oasis_projected",
  "boundaries": {
    "stale": [
      0.0,
      0.04627985826399463,
      0.08313840933183174,
      0.12005699818552543,
      0.16022517926918775,
      0.20668148409495463,
      0.26365278694436306,
      0.3407624287416241,
      0.4861144332572319,
      0.6612071869002967,
      1.0
    ],
    "isomer": [
      0.0,
      0.4684506708957634,
      0.5463107083412339,
      0.6112535677912552,
      0.6540440697211222,
      0.7139865450345388,
      0.769183021095242,
      0.8237991383767709,
      0.872398548882254,
      0.9210535857448995,
      1.0
    ],
    "oasis": [
      0.0,
      0.16767030954360962,
      0.4360372722148895,
      0.5583285689353943,
      0.6173941493034363,
      0.646113395690918,
      0.6738582849502563,
      0.6926977038383484,
      0.7566108703613281,
      0.8640304207801819,
      1.0
    ],
    "oasis_projected": [
      0.0,
      0.497108673201716,
      0.5730159015357195,
      0.618306254275758,
      0.6604384730141518,
      0.686766022511538,
      0.7380798064495051,
      0.8224731135713469,
      0.8655196673641206,
      0.9195548011596735,
      1.0
    ],
    "oasis_soft_projection": [
      0.0,
      0.48699491478302176,
      0.5743221731007553,
      0.6231796806981319,
      0.6599747109862113,
      0.6851930820590083,
      0.7306861290870085,
      0.8169715478332392,
      0.8622290763428855,
      0.9166531817242516,
      1.0
    ],
    "fresh": [
      0.0,
      0.521189764648318,
      0.5713010290732123,
      0.6115782853643572,
      0.6587187736115946,
      0.7172577095347393,
      0.7732059693818332,
      0.8231265774887258,
      0.8706382502140898,
      0.9203253984996919,
      1.0
    ],
    "hybrid": [
      0.0,
      0.497108673201716,
      0.5730159015357195,
      0.618306254275758,
      0.6604384730141518,
      0.686766022511538,
      0.7380798064495051,
      0.8224731135713469,
      0.8655196673641206,
      0.9195548011596735,
      1.0
    ],
    "aggressive_hybrid": [
      0.0,
      0.497108673201716,
      0.5730159015357195,
      0.618306254275758,
      0.6604384730141518,
      0.686766022511538,
      0.7380798064495051,
      0.8224731135713469,
      0.8655196673641206,
      0.9195548011596735,
      1.0
    ],
    "calibrated_hybrid": [
      0.0,
      0.497108673201716,
      0.5730159015357195,
      0.618306254275758,
      0.6604384730141518,
      0.686766022511538,
      0.7380798064495051,
      0.8224731135713469,
      0.8655196673641206,
      0.9195548011596735,
      1.0
    ]
  }
}